income,expenses,emi,savings,stress_score
132337,80908,53347,48303,44.868517496996304
146786,39357,46783,128495,21.777928412791407
89867,44053,1564,63638,21.665572457075456
48750,9351,24568,195416,9.706461538461543
18175,12255,4147,22853,36.55378266850069
143987,38271,71866,24081,32.41810024516102
142775,39559,58700,179793,24.002696550516546
73111,21660,8792,423322,0.0
86133,25759,2378,452201,0.0
131155,51740,33705,641082,5.5643322786016505
107410,25556,58935,463094,12.286844800297924
25947,5579,7574,117415,0.0
83152,38282,45178,414904,19.803492399461234
25929,7474,1004,49059,6.501022021674574
148183,79209,87417,127550,46.01998879763535
42390,8008,6973,36197,11.755956593536212
37629,9238,19445,173190,9.932498870551967
141555,51230,4007,203734,12.031436544099467
52714,11766,22843,142418,14.98520317183291
59350,19545,3369,259450,0.0
148136,83570,27570,545121,17.25235594318734
122691,97902,55310,578533,34.3532532948627
123153,46891,63980,460540,21.120476155676272
149157,35162,7426,565755,0.0
81917,14591,25867,302461,3.0753689710316543
116909,42216,59557,694618,13.43228493956839
99237,49342,31072,16598,36.54876709291897
39738,15169,19502,67970,30.164577985807032
49812,11565,20902,125349,15.811149923713163
50096,19619,15113,33318,28.323219418716064
83211,61395,33579,178842,42.28647654757184
18923,7189,2839,99429,0.0
121119,102030,21703,633125,24.287229914381726
141607,49145,49037,183391,24.728826964768693
80692,14383,5997,472680,0.0
131979,19943,30025,79992,13.624819100008336
85627,83438,24250,82451,55.235439756151685
106961,57550,24722,166798,28.350426791073378
34707,10639,20626,187402,14.098452761690723
124743,87806,57628,725847,28.673713154245135
84729,16275,21794,463357,0.0
96974,35359,26404,552693,4.1223420710705945
67006,31854,30879,22212,40.54562278004955
118810,27532,22138,594696,0.0
64411,39517,12141,340766,13.215366940429433
143378,33270,53487,818931,1.5241529383866421
117185,50992,45727,69567,34.397277808593245
88293,50165,25509,360483,19.550757138164975
64583,53575,18239,261768,32.50809036433738
32066,31042,3883,113748,35.51050957400362
70307,32064,11398,211059,14.277739058699705
98140,45154,7588,451097,3.1152944772773594
75302,67994,42922,412435,42.94746487477093
134822,22981,41262,346975,7.8967453382979045
18175,8343,4532,46554,20.118844566712518
57763,39913,6813,172445,24.339888856188217
146031,72533,81040,176647,40.98455122542474
50163,20876,19370,192533,17.063074377529254
47883,47692,4256,266156,28.35588831109162
73129,45232,18684,18407,39.88739077520546
134978,22080,43459,349124,8.125324126894752
57795,48416,4946,57208,40.35989272428411
98607,39137,57083,353617,25.070076160921637
130483,129717,49646,429064,48.484246990029355
33769,16461,8041,15378,31.620717225858034
118009,88257,40483,527341,28.77293257293935
98504,32745,21251,472056,1.2893892633801691
141542,72667,54774,365103,28.2516496870187
63197,13855,17864,230446,4.03626754434546
18664,9705,8878,9717,42.42311401628804
147540,122031,43410,680494,30.06289819709909
126813,7615,40662,466043,0.0
52051,18614,29218,146233,26.286814854661777
55110,26684,30170,141586,33.26202141172201
59789,22183,10452,350491,0.5436618776029043
16776,12342,1967,31273,32.15396995708154
123139,82897,15872,704416,13.815728566904063
71701,43019,31935,46047,44.60349228044239
17173,12440,4279,67050,26.66453153205614
82609,65488,10697,70795,40.53196382960694
104995,71213,61916,518710,32.79908567074622
143035,72395,84909,333026,37.41028419617577
113648,97982,18369,191368,41.15356187526398
32639,6143,15788,111627,11.658904990961734
82544,55565,15167,404802,16.48720682302772
62199,45823,6917,267531,19.778051094069035
39171,31837,13423,107850,40.578999770238184
144948,10711,73337,551219,4.918556999751637
81808,39225,3098,240467,10.791548503813807
49917,16560,9443,235955,0.5197628062583881
126028,71606,23861,291453,24.418978322277585
63232,11086,32311,146229,17.642886513157894
89321,33820,17868,34534,25.000279889387713
83300,29929,34594,234582,20.495798319327726
55500,34808,15237,83294,34.836216216216215
91750,36428,44422,520227,14.218310626703001
46630,13344,21433,271746,7.693973836585883
25615,7370,3076,53082,8.828030450907672
135326,27271,15886,732912,0.0
18580,8148,1933,95704,1.0882669537136707
70424,42956,21417,351150,17.731597182778597
55239,20063,21276,314973,8.566682959503254
115564,86792,29294,529918,24.76350766674743
45945,12564,14639,135158,11.70899989117423
38884,35602,3590,139194,31.57416932414361
20242,11378,2084,73425,14.086305701017682
80177,24360,39551,261887,18.59142896341844
141404,62221,40021,598180,12.170730672399646
44569,6720,2710,209241,0.0
15237,11478,1108,42890,26.49931088797008
135236,57859,68893,753005,16.7689816321098
78368,31603,37077,80266,33.96667006941609
138016,48231,73317,539458,19.17850104335729
36552,35740,4536,130376,36.01882249945284
66182,52518,34819,383115,35.721344172131396
99949,18478,49907,87019,24.863530400504256
22726,20638,12094,86806,47.594385285575996
89079,35937,45568,97584,35.15587287688456
56676,17964,28469,223859,16.19142141294375
86307,73460,43601,92975,57.37848610193843
114222,56223,22303,521266,9.603578995289872
80009,30718,23689,355144,8.845754852579084
94145,27675,55341,396047,17.177279728079032
117362,12041,52582,229045,13.29310168538369
51738,46102,11324,229202,31.15794966948858
111859,36753,2966,532170,0.0
75392,53567,219,244096,19.45339028013582
68437,50861,30214,92952,48.02738284845917
109401,89973,62138,481425,41.8373232420179
71339,13552,31590,90183,20.89018629361219
27680,12130,10313,143755,11.8143063583815
24702,9722,9760,14702,32.507084446603514
136973,125477,71358,785157,41.642111949070255
132767,108584,1004,501644,22.303283195372348
120861,38083,45611,700470,5.850232912188382
116588,82942,59516,754,55.95747418259169
28519,9274,11027,74332,18.693502577229218
72340,15566,40148,71062,28.046862040364942
90037,52970,42729,428262,24.615991203616286
16049,12860,4797,37107,40.460153280578226
63671,61897,11279,143096,44.45556061629313
95080,32428,27495,44186,26.29648716870004
143136,130918,20606,424798,36.6515062597809
21077,8395,9620,112476,13.1719409783176
58739,19834,25155,99731,25.523842762049064
94933,80261,19817,143158,43.082384418484615
15703,12578,3184,41379,34.984716296249125
100834,70406,15817,581380,16.186306206239962
89547,75529,14710,220357,36.439690888583655
143278,12539,69270,367899,10.87574505506777
148269,17736,2518,846124,0.0
108679,5988,34237,291011,1.9674914196854942
54527,40943,31684,269432,36.08029049828525
36350,25890,5069,7672,40.13480055020633
120967,85690,41176,342507,34.87732191424108
50215,44054,26420,240042,41.00945932490292
121626,53926,45662,336692,23.344679591534703
136164,103813,15763,294232,31.946843512235255
78568,43002,30803,344444,21.128194684858975
52201,29254,24143,284557,21.52056474013908
24837,13152,10624,119101,19.61005757539156
58164,12958,8765,219877,0.0
15458,13721,1863,6866,46.98149825333161
38092,16347,10650,135199,14.894334768455316
107390,15989,33607,34758,18.34379364931558
99325,81158,13673,449273,23.744827586206895
31404,13611,10158,155826,9.799388612915553
130827,7929,34216,773270,0.0
139387,15989,78151,581067,7.318867613192047
122888,5457,40551,181223,8.046147711737518
33703,18330,477,66258,17.929857876153456
100550,84146,30175,362954,35.79840875186475
75308,19862,42292,330411,13.713350507250226
75978,75512,33152,9595,66.51537287109427
68533,40058,20908,182329,28.12623115871186
57381,22506,1819,325587,0.0
86402,83508,30303,102890,56.39996759334275
126552,26054,1971,407159,0.0
73156,70071,21253,415088,34.51213844387337
64144,21557,29371,55213,30.81543090546271
58046,50687,9599,291622,25.275815732350203
110982,95171,56412,230708,52.81478077526085
70546,64998,18385,418201,31.492217843676464
56298,19047,11942,224541,5.458897296529184
64821,41578,27859,319786,24.595887135341943
26355,17276,6698,48534,33.73363688104725
68269,39831,32102,142560,37.54017196677848
56911,29891,2922,204606,10.338950290804938
24676,21037,10712,70481,45.70939374290809
36481,19435,11952,58838,31.677859707793097
138250,61637,28773,770010,5.616781193490056
73910,37174,6313,91287,22.389189554864025
129094,64526,40760,216345,29.24206392241312
123175,49568,67491,368657,27.073310330830125
127412,21396,22394,530463,0.0
79616,63296,33310,309843,37.027544714630224
69007,22830,15202,286946,4.562580607764435
127952,49357,52021,270605,24.97549862448418
146737,29605,36548,810051,0.0
117865,113374,48068,686915,39.407754634539515
25413,10979,3781,140624,2.552433793727623
142124,78107,60345,673916,20.75349694632856
126151,63956,33651,152536,29.973285982671566
108745,90694,58756,259041,51.40222538967308
146587,73817,1845,355810,13.54553950896055
60725,24580,9108,44035,22.612515438452036
131004,127139,29973,289349,46.6331180727306
57217,30674,31811,37977,45.72513413845535
35334,15860,9007,105757,17.674053319748683
30845,24188,4924,27434,41.147349651483225
60664,56978,27255,16109,63.60535078464988
22616,12375,5193,135163,11.54359745313053
144132,73070,6896,15797,26.714088474453973
61044,36736,13955,158386,26.260893781534634
131502,15646,10564,764174,0.0
82044,61176,2740,188947,27.10332260738141
77374,17930,45942,108397,28.33245017706206
67235,18113,13178,315240,0.0
27175,24104,15467,59160,56.23109475620975
78015,20540,37478,45073,29.491187592129723
75319,33810,18618,102302,25.54083299034772
137573,37404,62323,465687,14.789857021363204
32020,30133,93,133868,26.26577139287945
30758,19102,2096,57140,24.489238572078808
47741,13478,2730,134759,2.289541484258814
87831,25002,29757,515235,2.7849506438501237
65905,64044,11002,237413,37.25385023898035
100754,35455,8644,42384,18.923218929273283
87721,68902,40590,416283,34.05438834486611
65615,12238,22792,140494,12.514059285224416
16230,9977,2574,73120,14.553912507701792
93627,80770,22539,455598,28.43271705811358
72650,28996,17311,293833,9.264624913971094
43784,31228,14280,224376,23.70729033436872
51740,24666,14893,101690,25.523192887514497
97081,93168,27249,267759,45.42150369279261
146842,139064,16133,8267,51.46473760913091
65504,12998,31597,110519,20.780181362970204
133277,15664,26605,645213,0.0
42468,41536,6084,96154,43.31237637750777
148280,59187,58413,332675,24.497538440787697
103331,88865,24697,303212,37.88862974325227
75675,15296,30836,178878,14.586719524281468
22732,15345,8047,87411,28.685333450642272
119392,12905,24663,532395,0.0
105282,72324,53073,65464,51.40289888110028
82103,58761,28684,468080,24.7595702958479
144245,139027,42836,635476,38.042289160802795
56873,33523,9062,41869,32.16438380250734
129866,93985,29349,505495,25.76297876272465
104210,13289,30982,82351,14.317004126283468
105979,47393,62006,114284,40.370922541258174
125535,56794,50779,240057,29.23945513203489
131521,57062,65973,561692,20.404041940070407
42633,6605,8791,149864,0.0
113850,65743,45036,58782,42.11400966183575
104051,90322,16023,272281,36.478409626048766
101566,61734,33852,76322,39.9658350235315
63014,49125,24614,119823,45.096248452724794
22246,6258,11907,29839,28.768542659354495
16688,7316,8671,33715,32.60216922339406
24073,5774,6870,90161,4.681385784904251
36971,13192,15757,20561,32.10827405263585
103412,16723,30564,201852,10.148241983522219
107574,48239,24509,451361,10.555571048766435
83749,45585,23357,424869,13.370965623470134
79496,35791,36498,304504,21.723734527523398
141819,123808,74679,185759,58.16403302801458
55477,54153,26986,137452,55.875948591308116
129387,96376,27001,123611,40.81387620085481
63987,35856,9438,378206,8.918139622110743
84865,32474,20479,138530,20.62346079066753
57404,42991,23973,142718,41.71974078461432
29119,12149,7225,2809,30.303410144579143
138127,37378,6966,20655,14.799894300173031
52342,51025,23791,226559,45.28094073592908
27207,23751,5597,142517,26.87745800713052
31182,27900,9167,169394,31.49669681226348
67536,54762,10850,297923,24.912417081260365
57649,44701,19452,287050,27.37046609654981
135329,82230,37054,386891,27.039326382371847
115207,46349,52525,474182,17.7727047835635
42983,31740,23401,127789,43.83349231091361
95248,38915,6409,236607,10.699174785822276
109175,53639,50986,534334,18.774627891000687
28775,23918,12153,142856,33.631277150304086
60585,8426,15371,2173,16.92291821407939
126496,30339,58730,6057,30.32400233999494
107254,31695,12776,201057,10.167499580435226
106700,59449,47566,53485,43.183364573570756
148559,76391,80247,853398,22.31742943880883
141357,70583,80298,42301,46.19201737444909
120407,40551,29050,525018,4.687933425797503
53173,46160,3235,309313,20.839053655050492
124380,6071,65759,167215,16.86633703167712
30239,13976,15599,68181,32.469823737557455
30633,28346,13076,118171,44.05330852348774
15487,7036,3203,52242,14.122166978756375
65804,62083,32005,392135,41.62740866816607
38794,23976,16060,153958,27.61793060782595
146589,74811,27862,671047,10.231292934667675
69401,67812,36644,129136,60.67174824570251
66833,59169,22463,331087,32.940837610162646
116322,85339,9043,682420,14.791870841285402
82385,74694,13713,72118,47.61340049766341
64540,29723,36710,356615,20.77858692283855
35359,23032,2077,7983,33.78955852823892
112478,94793,64723,94849,60.93925034228916
87997,82034,44941,326483,48.48943713990249
58460,16191,33294,336795,11.628634964078003
124643,98873,4385,520033,20.20879632229648
131968,33113,42859,8564,25.212096871968964
60343,58115,31176,289136,44.86203867888571
139994,85201,23762,214483,29.559231109904708
113278,23602,37001,377354,6.827186214445874
102709,82609,36744,176905,45.91306506732614
108551,30973,33931,279370,13.901668340227175
48952,26539,10186,237668,11.154804706651412
118030,46219,31658,666461,5.308141997797172
37032,23410,2410,26377,30.649573341974506
91843,42338,669,527072,0.0
88808,22774,26041,159663,15.561942617782183
135828,58514,38132,452711,16.104374650293018
106627,34150,12281,419306,0.9585752201600002
64863,8806,19177,322573,0.0
17872,5650,1614,46611,6.378972694717994
43092,25112,12063,12107,38.93031189083821
106700,100078,42030,255845,50.664245548266166
129740,119453,76748,386478,54.803298905503325
41187,17463,12677,86009,23.07002209435016
122274,77080,16282,482909,17.098769975628507
45042,10262,25855,116601,21.40879623462546
129380,63110,47219,88828,35.555108981295405
28992,5706,1780,30611,7.017280629139075
47024,43618,10564,99595,44.774689520244976
141922,61917,7649,40370,22.547314722171333
118028,51844,27154,57960,28.709797675127934
85587,71971,17880,457667,25.40193019967986
49463,34931,2532,267835,12.357823019226494
101228,94421,6890,276054,35.72509582329
127388,124403,66625,52356,67.693738813703
122470,60619,51210,390893,25.515514003429413
108444,101493,39933,162016,54.054535059569915
104265,57309,258,552480,2.581355200690549
28511,25262,14124,149262,39.11770895443864
139661,87335,28851,788037,14.529933195380238
145599,38122,51790,769956,2.3195557661797146
69135,63543,18229,173890,43.92652057568526
93519,14500,18593,248968,2.393952031138058
97084,24051,33464,360275,7.619535659840963
108406,43453,30326,271841,18.693476375846355
55791,39288,4921,314498,13.738147729920598
97804,81692,8446,167163,36.671557400515326
133662,17579,44721,740535,0.0
142855,119511,32636,455422,35.027685415281226
124806,119609,65379,8984,68.51185039180808
32218,20167,1065,80854,20.072009435719163
38257,33435,11612,121456,39.965235120370124
98164,93388,45048,167964,57.36828165111446
118565,27520,50010,313906,15.239488887951756
92801,85086,53123,463584,43.76353703085096
80860,6108,41259,250198,8.715928765767995
110947,101422,35440,87209,54.55447195507765
51976,37653,17376,151830,34.988071417577345
55749,15906,20692,219799,9.399002672693676
96003,60956,35141,388266,26.166994781413084
105998,84514,59116,64625,59.125785392177214
27998,23534,5839,48743,41.66529752125152
114681,17797,40280,591368,0.0
44174,22862,24986,198422,26.043147552859143
125130,111347,25136,654616,27.5276912011508
89607,9707,39827,476504,0.0
86162,68008,18820,143812,39.85678141175924
113957,7827,13916,548608,0.0
77929,7348,23882,442926,0.0
147248,46186,47839,295317,18.65067776811909
94577,11596,42992,358124,5.380377893145269
60463,26447,14726,223251,13.15076989233085
76996,69980,31265,347066,39.148397319341264
103612,28498,29409,369952,7.253020885611704
47080,30201,2509,131016,20.291631265930327
30075,22683,6878,79986,33.56076475477971
143981,12410,27216,403377,0.0
129762,17206,54779,465498,5.579214253787704
134473,105958,68132,521147,40.28648873751608
131897,50653,75067,189189,34.79521899664132
16151,9436,7033,3529,45.53742802303263
27675,5747,3537,53923,5.753026196928635
84296,37472,42719,418923,17.64905808104774
121850,64868,14205,437430,13.331555190808366
43376,23992,24452,65090,42.70172445592033
29040,11656,3704,33714,19.36604683195592
30529,11931,1197,136620,0.0
21099,11766,9180,69875,28.72766481823783
135730,18931,25798,733600,0.0
114423,70591,15386,443388,16.850196201812572
100606,84047,58001,416411,44.135886527642484
16967,9661,8564,72495,27.296222078151704
147433,118539,2001,793541,15.743863314183386
82785,37621,35630,431870,14.937790662559642
137430,67323,41359,437937,20.598304591428363
149974,40949,23124,628386,0.0
84000,21942,40800,350744,11.611666666666665
81336,70977,17293,99801,46.001340119996065
83365,82729,15731,350612,36.13782762550231
66651,30607,8444,347773,3.0282366356093675
69955,55658,41699,266058,44.60824815953113
60789,60058,10168,342340,31.089424073434344
41576,29651,23328,179325,36.53658360592649
65535,57327,2827,198803,30.29549095902953
47177,43322,21805,55713,58.497466986031334
102563,19252,3967,585809,0.0
28741,5744,10651,124698,3.1227166765248207
60882,41435,29767,231123,34.604891429322294
42667,15417,17105,10847,32.83134506761666
66720,57119,36039,166814,51.91007194244603
24320,13118,8782,16439,38.03392269736842
147683,109580,23934,549243,24.986931468076897
109400,13112,12641,378027,0.0
102618,27547,55670,344553,18.33386930168197
114102,60591,30900,46322,35.35380624353648
141409,105459,72889,594743,36.877391113719774
29087,18934,968,66861,22.3850861209475
130821,116872,27032,712646,27.934009065822764
46740,21372,22095,223444,17.868635002139495
54941,23545,26098,227498,19.724431663056727
24077,14557,2763,81473,17.901108942143953
107749,53300,56739,154381,38.63288754419995
20497,19646,5838,46130,48.064106942479384
101179,31682,5682,192084,8.410440901768153
45172,32528,23721,133160,42.27043301160012
87186,48255,42833,132671,39.716410891656906
99702,27900,30933,159380,18.40905899580751
140420,62909,11978,536925,6.693811422874237
98802,61534,32866,304736,29.02431124876015
138358,68992,15185,57287,27.252236950519666
71530,59390,17780,124476,42.75576681112819
124205,47396,72067,459811,23.778632100156997
37863,12348,20259,88440,26.029633151097375
57996,5355,3021,247467,0.0
137995,15556,78329,818704,3.3413167143737112
56289,35887,3254,313579,9.189806178827126
103908,35903,57491,594323,14.407841552142287
149304,62626,56387,199515,29.397772330279164
117861,17066,2029,41091,6.185294541875599
108584,104047,48672,321670,51.0285124880277
106486,20619,47288,511860,3.4104952763743626
86498,78427,15270,427160,27.704108765520594
118833,33308,5415,644135,0.0
75158,55809,32100,437796,29.211793821017054
134523,19531,19572,804191,0.0
139709,85618,40358,247327,33.34491693448525
44307,8118,6308,114258,1.9619924616877693
135550,65251,68309,767965,19.226558465510877
106272,23418,16435,221252,6.794263775971093
109344,87195,33010,424530,32.53493561603746
134960,29600,11824,539256,0.0
91969,23827,51234,412577,12.80676097380639
20557,18758,3595,7914,50.694653889186164
109592,77238,25837,175989,36.63985509891232
24458,12742,5529,105053,13.61497260610026
22492,15726,10584,110637,29.187044282411527
107314,87813,6248,48226,40.99595579327953
103497,18944,28656,368935,2.4035962395045303
23374,16912,273,91405,17.091426371181655
102339,97777,34959,195942,51.86194901259539
129731,72237,14167,653233,7.2091867017135485
42074,40839,12710,246895,35.61581974616153
95653,41708,50749,143843,35.504845639969474
52212,8639,31128,123515,20.292174212824637
65785,37688,5854,65779,27.204757923538807
137811,67824,8212,662439,2.956839439522245
66457,59303,39236,129438,58.49496667017772
46592,46335,21459,114344,55.876330700549445
80304,71282,35660,117137,54.85175084678223
21923,11314,8291,82102,22.20635861880217
101341,76461,28517,422875,28.116507632646208
90538,84880,25991,446498,33.70021427466919
98576,70188,22452,411392,23.84474922902126
86792,53982,17016,262222,23.83433957046732
144112,103508,65117,123674,49.695445209281665
62386,50323,23003,179489,40.695428461513806
28429,5104,5863,64585,5.867072355693129
83774,24744,6351,114405,10.972557117960227
119609,53595,48981,607173,13.784623230693342
66368,35541,36771,40971,45.85093719864996
34076,28413,19345,166000,40.04137809602065
51248,26821,9149,98604,23.688534186699968
90170,14561,44664,348788,8.5468559387823
63724,48776,8083,98261,35.63516100684201
115994,47288,6442,98340,18.36629480835216
55236,37014,18831,292748,22.14208125135781
75362,19013,33761,373296,5.766964783312545
76042,22336,44658,306647,18.014847058204673
21101,7157,6537,45003,18.68702905075589
69371,23420,3921,182453,5.990615675138027
108413,100943,50217,477055,43.081134181325126
33539,21398,13474,174896,22.96982617251558
50240,40433,18715,97505,45.43640525477707
34417,26031,14742,119453,37.596681872330535
116110,111487,16014,363525,37.87171647575575
119072,81138,47579,527406,27.907736495565707
124632,88482,16648,90564,37.207137813723605
126651,19530,69813,597042,6.188739133524415
94256,39870,21333,178923,20.711731879137666
146125,46732,45071,204317,21.336903336184776
62792,42105,33385,90817,47.56282647471016
63120,8460,33689,117126,18.772655259822557
75717,69932,20743,71705,52.402961025925485
119059,6783,36932,638673,0.0
96308,88355,30278,55360,55.572434273372934
73077,18591,2950,340467,0.0
21317,20458,3974,111149,30.442135384904063
115139,19473,56464,585592,3.0722431148437934
70667,48845,39369,309585,34.9397172654846
117824,94939,39866,507593,32.2822599809886
76982,68475,18669,17941,53.00985944766309
107010,21443,42672,230788,15.186337725446222
133182,18721,50368,391978,7.440044450451262
70831,6465,6286,185896,0.0
80092,73383,30975,229268,46.96861109723818
123162,65676,28100,62321,33.258594371640605
87297,72913,48163,498858,38.830028523316955
31181,20324,7706,92911,27.577210480741478
104677,60964,18357,506796,11.92716642624454
96512,24093,17347,279270,5.203290782493372
136583,38849,25056,202808,14.13536091607301
70621,31327,10433,154756,17.132156157516885
114674,85275,564,374071,21.06802762614019
84277,58348,17229,228993,29.208384256677387
133712,30839,22261,770303,0.0
102034,59463,44959,126980,40.54148617127624
57181,50558,3500,76498,39.967996362428075
127550,74864,76402,752166,28.30678165425323
112188,98214,36090,436786,37.17304881092453
43157,7017,19454,150695,8.70160113075515
57695,8741,8383,258032,0.0
64673,50655,11642,363803,21.36293352712879
89818,80501,4079,513573,21.629962813689907
48827,48384,22108,291890,42.65764843221987
55130,33819,17539,261243,19.704244512969346
82396,23962,22193,50094,22.274746346910046
128475,28974,59647,650512,4.846896283323606
24758,23029,14023,28517,63.40516196784877
46970,27299,9189,107199,25.47402597402597
68744,18328,9830,408052,0.0
127119,7418,49875,621788,0.0
144333,80127,82288,76734,47.90449862470814
136803,80159,7072,429501,15.667236829601691
30769,6005,5047,100259,0.02713770353277667
115368,38925,62690,366623,22.71630781499202
15775,6185,6325,58510,17.096671949286844
88310,43562,31663,60434,35.584305288189334
137807,81088,54105,379081,31.371374458481792
16867,8057,1006,12710,22.501926839390524
140674,96948,11095,441650,21.915563643601516
115922,59128,51097,604657,18.1348665481962
44314,24659,23893,262289,24.390034751997113
62273,47464,2747,363725,14.87410274115588
90736,18523,42967,14662,28.340680655968963
28662,9832,7982,110615,8.994661921708182
135294,60142,26527,646397,6.180577113545315
97269,30448,8672,295912,4.006620814442421
48550,32620,10377,186384,22.948712667353245
38876,6587,10392,213077,0.0
18982,17178,2706,54401,36.62074596986619
75501,11327,17489,52354,13.299691394815959
78419,8384,16697,201786,0.9965697088715739
121582,94057,12255,342184,28.64017699988485
33479,15664,12866,172345,13.765793482481556
54629,49526,23282,252796,39.2392319097915
75766,41016,17735,310653,15.929770609508218
37917,10944,6382,8202,20.082548724846376
87708,70390,3303,256834,26.992406621972908
107957,65075,33357,108976,37.45148531359708
95482,5431,49787,5328,23.42211097379611
71420,28093,10163,380625,0.3594231307756921
27385,7922,1518,77420,2.5459192988862522
116888,33264,48271,298343,17.985806926288415
79106,26053,42349,171448,27.044345561651454
92081,26212,10833,393877,0.0
80864,72141,45683,157318,57.47650375939851
114003,105310,52883,81926,61.149180284729354
129843,45414,28036,387054,11.220242908743636
114219,42135,2930,208696,10.335145641268088
22812,13506,7299,123311,17.401367701209892
27796,11591,6637,60631,19.494711469276155
125980,66818,41473,414005,23.256032703603747
84600,77059,5753,489345,23.263238770685575
26499,6605,14408,106654,14.087324049964149
71227,15011,32317,123682,20.003931093545987
60372,48583,32636,43310,58.272709202941755
34299,31902,19275,146068,47.691186331963046
127278,22109,1847,296819,0.0
99657,64152,42941,308327,33.95250709935078
28152,11596,9129,120554,12.155086672350102
34098,10484,4801,144344,0.0
81738,26215,3598,358250,0.0
88490,75918,40400,425818,37.09809017968132
130905,83358,76422,402642,39.81184828692563
130029,67417,15270,354890,16.974674880219027
140391,53658,49998,20150,32.63791838508166
64931,9876,24576,1977,22.592521291832867
61806,17253,30869,230047,15.324968449665079
54352,15800,7157,34396,16.637842213717988
89527,27012,50456,200891,26.409742312375045
23093,5988,3122,45948,8.424197808859828
66277,38456,3362,47562,27.452509920485237
106802,18849,27649,519225,0.0
59048,34672,17478,40701,37.7525911123154
146903,50384,83835,880292,14.9760386105117
123308,70039,36072,480921,20.600650403866744
138092,76317,55284,97752,40.10695768038699
108891,19680,12379,606558,0.0
53814,20156,27191,297922,13.938566172371502
31427,8487,9397,173802,0.46313679320329726
72771,24485,42244,268305,21.60867653323439
89566,26072,51117,103451,31.608255364758946
47502,40297,5360,50474,41.616774030567136
57588,46691,1105,280472,16.954747516843785
43792,10966,22344,58103,26.2957846181951
135654,134538,56872,527260,46.92438114615123
137090,27178,11430,12658,12.785834123568458
28857,24331,1048,108328,24.84076653844821
78081,10581,18140,449445,0.0
75399,20255,26035,388433,2.2437300229446038
126528,110131,5115,437611,27.84439017450683
34066,12146,11348,93142,17.48106616567839
82779,76799,40730,402877,41.73479988886069
42176,23737,3955,97687,20.310484635811832
35993,17793,3571,74094,18.393020865168225
124600,108223,59070,318583,49.60702247191011
88942,35601,29629,474736,8.338692631152888
40006,19946,23821,119028,33.869919512073196
24284,14454,11669,75096,33.5191895898534
110168,19820,1656,302724,0.0
42785,30078,18346,185369,30.639125861867477
61421,29443,5236,289419,3.8178310349880356
79123,15034,8536,303186,0.0
62720,39911,7308,331518,11.477519132653057
47655,30943,12145,70959,35.21466792571608
78698,66731,46808,405880,41.18808610129864
98047,39704,15227,261130,13.142982447193695
143947,17858,45221,481399,2.0475939060904373
66507,56068,4283,78600,38.81877095644067
91186,81104,4224,474797,21.32465510056368
74500,55943,20256,128891,39.77093959731543
137044,8356,57423,291122,9.187633168909255
99933,16293,41069,353009,6.928291955610259
121885,114084,56521,28225,64.19095869056898
63749,34333,25015,155424,30.43388915904563
135906,62706,78544,186928,39.30966991891454
32938,9146,11342,147988,5.1927864472645595
33269,19528,14556,57499,38.20809161682047
130129,45217,75504,128250,35.655080727585705
120352,59942,5004,569913,2.8889839803243866
129154,14943,2482,516121,0.0
104456,36392,37412,572491,6.746189783258025
64902,31003,18331,116430,26.212443376167148
101483,71203,33062,582674,23.11278736340077
28313,11770,5669,152865,3.794546674672411
16887,10817,4282,85059,17.170308521347778
16173,10033,1285,2276,33.492240153341996
147102,76669,12514,662622,6.940082391809767
85641,65584,46976,217468,47.53447530972315
62719,12783,25652,135924,15.714695706245315
24375,16676,9447,84219,32.43425641025641
115812,101139,60719,458826,44.827651711394324
41384,8671,3687,30213,10.389643340421419
78452,9875,30950,157004,12.067633712333656
59954,29936,35971,164809,35.22025219334824
59395,19139,11907,33098,21.344220894014647
52943,23638,8928,186806,11.427195285495724
101516,54563,49104,538765,21.222368887663023
38099,9043,8235,4177,19.965484658389983
77696,55300,11423,215526,27.59846066721581
23542,6544,7124,118225,1.00288845467675
27389,12150,2397,51817,16.221658329986493
39812,29348,5558,42248,37.13654174620718
91335,9406,32878,104339,13.836152624952101
83065,19557,12793,24517,16.456810931198458
41244,23323,18875,216348,21.58010862186015
98606,63778,58605,455019,33.04063647242561
97048,11284,25999,311847,0.4629152584288221
38408,22399,22360,69440,43.40632159966673
113692,10256,62599,373540,10.106779720648774
132523,56990,26817,791950,4.596221033330064
123193,35127,24853,126102,17.208445285040547
141392,138246,54923,623978,42.35975161253819
68855,48697,21653,60927,43.51659284002614
49965,40729,26406,122514,49.63714600220155
21814,15652,10236,64944,39.75978729256441
90230,58921,31737,525700,21.719827108500496
119264,80591,9326,454443,17.86268278776496
108266,19910,54304,349828,13.102174274472134
121115,82262,65565,492056,35.3004995252446
132011,21408,969,748116,0.0
108791,27223,61627,187814,26.53859234679339
27018,6263,10183,14791,23.9290473017988
75168,21360,43653,387089,12.437739463601531
148023,62872,961,212857,14.306932030833046
115831,81915,65028,356431,42.430048950626336
125405,75323,43565,117428,39.24572385471074
68894,33782,20773,277680,16.42552326762853
138042,23160,65861,684744,2.671071123281319
122074,31927,121,127125,7.9096695447023935
81811,60588,42695,204838,45.38521714683845
54125,32855,16206,131335,30.195196304849887
133286,99359,76002,792745,35.081553951652836
23809,9903,10189,6265,36.598975177453895
110085,19344,39774,230862,12.752418585638368
41606,5894,22509,218876,3.7232610681151748
139396,27652,5278,28217,10.420923125484231
73337,22073,891,246338,0.0
41455,18697,4520,151946,8.585695332288026
70481,30823,15263,28899,28.478242363190077
141621,13514,13017,243979,0.0
90747,17364,30984,117560,16.74722029378382
92111,33326,35252,253565,19.63451705008088
63047,32798,14958,295378,12.07559439783019
54880,25627,8335,164904,14.39923469387755
74275,38266,19683,376809,11.359744193874121
66030,56807,14543,307592,28.534151143419663
43854,5495,13486,243536,0.0
64434,16908,16733,232642,5.455349660117328
140903,34671,37185,521640,4.348736364733188
65396,61765,23009,338888,36.29747996819377
134885,65885,24647,273429,21.596063313192722
126407,68290,50089,600442,19.111678941830757
57229,42354,14967,341354,22.4650963672264
16154,11088,9280,8279,54.735978704964715
44961,6545,23044,31796,24.243900269122125
23670,7588,2474,40645,11.623785382340515
76176,37303,20039,302483,15.153000945179585
121748,60617,68077,96332,43.30477708052699
83982,14006,17001,465142,0.0
107537,87268,47484,619986,33.238187786529295
64671,33164,225,203098,10.077314406766556
82072,66628,21787,195265,39.313712350131595
147085,94757,74803,611455,31.76867117653058
21255,14978,2472,117664,14.886144436603146
89131,85164,31529,323862,43.75638105709574
56357,15965,4386,88063,9.46421917419309
126447,111356,49199,671057,34.59619445301193
38437,38028,7712,170997,35.249759346463044
105128,81608,25938,353758,31.857640210029682
59409,15655,16533,201410,7.356124492921946
137957,9612,4546,577087,0.0
96537,11552,15502,358506,0.0
27794,5910,8521,142976,0.0
20364,8865,6983,85313,14.535700255352584
108552,104184,37795,26722,60.68418822315572
48535,20675,9896,136331,15.410219429277845
53319,41711,27224,34054,56.34464262270485
30323,7514,5042,106677,1.4508788708241305
48312,24594,1592,62383,20.3151390958768
147312,100094,64158,528314,33.46265070055393
120623,56687,4269,464065,5.677068220820239
38346,10146,19791,89906,22.151202211443177
22639,5961,11410,34768,25.64645081496532
67096,33939,39524,267080,28.951204244664364
75763,47103,22660,403676,18.049377664559216
112016,97869,10721,232669,37.12813348093129
64281,30488,27507,198058,25.425708996437518
84327,55570,50253,361774,35.33565761855633
144735,139103,70273,781580,42.475524233944796
105229,91967,45435,259993,48.61573330545762
115506,31002,15478,591750,0.0
109266,30949,18054,217094,10.837222923873846
17144,12629,7609,36741,43.86986700886607
52471,38974,17817,313895,25.72096967848907
136529,10270,12702,559736,0.0
147744,73262,15637,283133,19.44522281784709
56818,28160,24205,296315,16.821253828012253
126048,75562,72721,719995,28.050742574257427
101328,17164,25740,342142,1.7476906679298914
95139,58017,11113,232550,22.94138050641693
34133,28001,14098,182315,32.538745495561486
95789,86401,22482,472198,29.83996074705864
107707,98703,7778,238676,37.62884492187138
108984,90503,32710,42653,51.56981758790282
131157,48091,55215,687689,10.172731916710504
119639,65385,41011,232698,31.31253186669899
47677,21587,8990,5339,29.621305870755286
39458,30552,15145,103297,40.97812864311419
78583,15051,38748,393009,4.299848567756385
36599,26687,13685,57171,43.60487991475177
125931,36264,36159,347599,12.082529321612629
69573,19924,28598,28629,28.703304442815462
46161,44625,17743,167548,45.56292108056584
91624,32887,11629,224110,10.793678512180216
127272,102032,25009,298990,36.19814256081464
48951,31238,9942,189278,20.698044983759274
91268,82375,21292,58839,51.23630407152561
70817,24228,40212,15629,38.715774460934526
41402,14977,10499,83068,18.19887928119415
143561,9120,80652,12057,25.22826533668615
132914,5686,43586,516280,0.0
19466,7045,4316,111031,1.9644508373574432
105700,56652,17081,2730,33.133301797540206
132929,60650,24745,597728,7.776030813441761
100226,87292,46332,440502,40.06315726458204
133168,67494,28125,3855,33.64490718490929
141703,44403,66654,345625,22.287354537306907
85480,10301,4187,338811,0.0
16419,14608,8266,8010,62.18344600767403
127328,74538,39397,474646,23.00790085448605
65083,25107,20329,357901,6.782646774119204
125160,102582,41505,360318,39.850671140939596
26270,25170,8503,25192,56.05862200228397
87572,33307,7387,335438,3.2389348193486462
92694,69541,3193,146662,30.977841068461824
17659,6578,10394,11343,38.95718896879779
86582,71215,30671,158518,46.14123027881084
77737,21693,12987,308408,0.7987187568339422
130995,14711,77544,198582,21.71380587045307
106368,91396,40606,528166,33.404877406738876
21132,15471,580,69128,21.347245883021017
26371,25634,1008,18771,46.57256076750976
92344,75846,29879,80511,49.650275058477
136371,85163,19928,384813,22.960930109774072
76810,5817,24379,55165,12.89135529227965
113486,17292,40673,564764,0.0
128932,116587,16582,372621,35.906718270095865
38793,11243,4566,179424,0.0
101641,90176,34473,297338,43.29975108470008
98066,36312,43739,475030,12.134786776252728
125641,91562,13830,143814,35.11775614648084
62651,38801,13265,265556,18.241847695966545
129450,84522,74931,142671,50.289571263035924
26373,15938,7394,98514,22.75395290638153
148093,21286,33822,487557,0.0
77864,62819,5071,351435,20.376746635158735
92804,5489,18764,175321,1.5991228826343704
114754,63668,21833,679793,10.351447444097808
40003,38834,20025,117011,53.93707971902108
145588,143653,54256,668739,41.27534549550787
74067,6404,10584,103993,3.0188207973861516
102532,46408,50691,368165,24.45300003901221
85040,49760,41763,131013,41.19773047977423
81914,20225,36229,49587,27.009729716531975
116350,65994,64152,20031,49.554146970348086
15212,11278,4208,7932,45.52721535629765
116537,97166,56742,570958,36.66809682761698
43970,5555,16083,200049,0.0
73375,73270,63,265892,31.84408858603066
51050,37848,2244,201355,19.106464250734575
94337,30258,29823,177809,19.258350382140627
30954,30435,12352,71922,53.5058473864444
91100,51606,13214,129186,27.03545554335895
122235,111274,43101,705841,34.62073055998691
95838,90243,21292,195037,45.792326634529104
48670,20069,23306,6727,39.08064516129032
139831,92914,66554,465071,35.63233474694453
74408,61740,13279,313152,27.58305558542092
65497,53292,33694,385289,36.26021039131563
142894,62388,15305,770374,1.1144624686830795
29003,19193,6303,135703,18.386201427438543
68344,5935,3161,83742,0.06555074329860666
122016,8627,39273,176058,9.195351429320745
138368,18743,57050,232736,14.855096554116557
79581,5412,4275,169645,0.0
100025,81629,33390,302657,39.027893026743314
137875,112251,31740,213468,42.17450589301904
142466,53423,49898,397036,18.82477222635576
45381,40112,1793,84375,36.478812718979306
37074,35249,12054,128316,43.23865781949614
63712,27561,35228,17609,42.3644682320442
99878,43929,36822,3270,36.57442079336791
26592,20343,993,61592,28.162981347773773
122771,55859,66270,454532,25.829308224254916
87482,5584,47571,379336,3.2619281680802885
139909,89482,7599,384221,20.420094489989925
93489,9885,21652,431862,0.0
61715,34804,35460,342715,26.180426152475093
34941,25679,1149,111270,22.139034372227467
79778,13523,3729,145911,1.2002682443781492
20097,17201,515,94474,20.315469970642383
141157,80851,32548,619530,15.917170243062692
19253,10088,8784,95458,19.65771568067314
116455,82147,50045,256095,41.463870164441204
38907,7376,15748,159314,5.195723134654433
146831,53862,33722,754272,2.528110548862294
93379,76383,6201,391786,22.577453174696664
104790,53506,13022,506049,6.354947991220538
113002,26708,4067,491464,0.0
101731,54284,44543,476339,20.782504841198854
113580,85931,59058,17516,57.856048600105645
25766,19905,7555,111362,28.744857564231932
16305,12711,4797,20717,44.39405090463048
58106,47618,18900,85984,46.58692733968953
102451,70551,25201,353245,27.0311173146187
88941,14701,26222,242315,6.435221101629171
123627,61489,27621,232087,24.419058943434685
92674,88123,46030,283695,52.10603837106416
42882,42022,9123,195773,34.68016883540879
88993,81970,398,247072,32.35153326666143
112354,15375,10637,70416,7.495505277960731
59628,8312,18424,238423,0.0
140188,114257,36966,621373,29.136766342340287
57617,33222,25831,318560,21.76293455056667
56800,15234,28774,78852,26.732394366197187
92340,79485,47449,9391,63.08484946935239
32917,19999,7214,47220,31.971625603791356
65873,24117,35221,165188,27.154524615548098
101191,20479,3357,353295,0.0
68935,50408,9910,105809,34.63777471531152
145158,7558,74972,293938,13.138028906432995
23934,5679,14166,59927,23.019762680705274
117614,23808,41359,59691,21.649676058972567
115673,49350,51863,122470,33.97223206798475
78440,67334,37342,281274,44.03378378378379
118180,38325,63301,561269,13.893594516838718
109647,45404,7058,322846,8.557370470692309
118608,90011,56135,410841,39.55673310400647
104775,53882,40683,61964,38.28775948460988
108443,40180,8008,524214,0.0
74772,72405,38751,105807,62.072099181511796
73907,62207,17479,85677,45.74837295520045
41336,28613,16664,128625,35.177206309270375
142034,32096,67390,290003,20.06832871002718
40895,10124,20578,227342,7.505685291600443
117964,43968,17514,313726,11.27742362076566
112263,100274,10480,391200,30.971023400407972
129496,128594,11481,247794,43.630459628096624
18792,8876,9199,57973,27.77219029374202
16763,14497,70,10231,40.35643977808268
115912,72913,43655,242454,36.05821657809373
26473,7735,13506,55921,24.454538586484343
147093,120431,44383,571155,33.591639303025985
61763,32360,21007,254015,19.238136100901837
29474,24567,6113,145417,25.303148537694234
130967,29796,73373,313995,21.797437522429313
115839,26744,32881,331629,8.58342181821321
104784,8548,32382,490477,0.0
110211,78918,59925,350070,41.67052290606201
131399,120245,53418,160592,55.90613322780234
80067,68773,43879,304949,45.82493411767645
34969,15846,17724,29123,38.76705081643742
31048,20910,14407,126152,31.918964184488527
55502,49079,3524,56679,41.647418111059054
25455,7458,3443,100980,0.22471027303083702
135334,97650,69603,171131,50.32707966955828
128745,59783,12802,678833,2.1950755369140573
135805,120462,65683,282393,53.30035712970803
101797,5559,45496,330931,4.353124355334639
137250,128414,75732,786620,43.85231329690346
83782,72435,19301,244074,37.877109641689145
119089,66030,5551,115147,24.75295787184375
23667,10441,10327,54382,28.02298559175223
102872,17510,15114,446884,0.0
20473,14641,4097,116178,18.76153958872662
51103,37354,19193,12798,50.31857229516858
81454,43991,37769,234963,31.127937240651157
60931,38144,18015,364636,18.12747205855804
38382,16674,7624,72843,20.17729664947111
44923,16837,15539,17161,30.665917236159654
50383,39943,29040,201258,42.721949864041434
108061,100533,13120,607484,26.373298414784244
121654,90042,40898,99413,46.368841139625495
23247,19480,7509,27961,48.80436185314234
147448,104548,28496,366238,30.763726873202756
26519,13953,3132,153163,6.031713111354119
119726,94470,26849,370765,32.93883534069458
139411,20878,72719,3726,28.218935378126545
22490,6801,13023,54451,26.17674522009782
132359,57104,27900,780269,5.003248740168786
122753,80577,58000,667316,26.720528215196367
40890,28516,11214,98483,33.796649547566645
18483,10961,1677,48322,20.208840556186765
124145,118981,37874,399009,44.05304281283983
88340,70999,46075,345098,41.51528186551958
108857,81703,9584,248784,29.622256722121683
110450,39020,8953,266387,8.84730647351743
40083,18762,5624,47374,23.106803382980317
20785,10359,2342,68629,12.917248015395717
46811,28479,10809,105932,28.340560979257013
138193,33326,39623,342752,11.125454979629936
75913,21403,32230,259663,13.976986813852701
74761,38918,8185,20925,29.008105830580117
40194,31986,7366,239528,22.11996815445091
146574,14128,58720,735384,0.0
33513,26740,19942,189259,38.69707277772804
64051,28654,1518,108,23.307676695133566
24758,11079,30,60829,10.138339122707809
97318,86766,9417,171327,39.646776546990274
121829,12433,44760,475509,0.2832248479426056
140333,126438,68688,101701,61.00428979641283
119742,57702,3968,240407,15.38127808120793
22547,19421,6745,14972,51.71375349270413
145511,138675,73535,239544,59.6341857316629
117309,107401,4484,21022,46.40990887314699
17978,7602,7371,89098,12.762821225942822
106975,43560,51975,618599,14.794344473007712
61358,32900,4381,263110,8.225333289872552
28909,7651,11161,27226,23.966930713618595
148694,39006,2624,184930,7.603602028326632
92745,72312,18289,475648,21.87217639764947
72103,59860,19919,122564,44.061134765543734
106661,7033,38309,38698,15.84946700293453
113095,25474,67474,469452,14.371988151554003
113681,53454,42211,620278,13.36296302812255
101340,83881,25117,145678,44.11229524373396
90222,58675,5552,61543,31.56785484693312
122680,99622,35108,239956,42.26964460384741
96952,81066,22594,289199,36.21446695271888
38922,16279,9033,211711,5.195519243615436
67676,52974,14850,88040,41.41054435841362
37341,35029,10213,218172,32.84446051257331
137868,118486,32198,312132,40.99254359242174
46499,24358,3673,186897,9.254715155164629
108036,73050,63282,74981,53.76795697730386
103049,11556,42557,262211,9.40353618181642
91825,25790,18188,454314,0.0
18106,5343,8366,92961,8.23704849221253
125807,80854,19618,164250,31.843776578409784
97049,8222,6148,127720,0.1898010283465048
64472,14168,11273,67656,12.734830624146916
47480,33593,14573,139729,32.93860572872788
60351,38287,2708,163498,19.969511689947144
45728,9112,9230,100130,7.088654653603919
66163,14748,20573,175546,10.316793373940117
19957,13269,2308,85447,16.462143608758833
124213,34642,14653,468220,0.0
90910,25822,16388,141444,13.633263667363327
139054,94021,28353,570409,21.452996677549727
24724,23953,2509,141057,27.5
143500,81369,61893,498777,28.22498257839721
57678,17898,30460,100892,27.893477582440443
130819,74468,59964,579847,24.63499185898073
118980,79976,33811,121970,39.850310976634724
22218,13617,10867,13013,47.279908182554685
39247,7921,6089,66807,7.78594542258007
16627,7749,1590,76569,4.102062909725145
92528,29414,45706,306102,19.11237679405153
63946,42985,24009,313767,24.094939480186408
109798,24648,65783,276684,22.589664656915428
17660,9193,3201,84516,9.34937712344281
35265,28212,6174,208872,22.00297745640153
132168,108365,39939,558143,31.96760940621028
126802,78401,26845,685413,14.383053895048974
133546,52521,52861,258914,25.80324382609738
44370,15630,10025,20300,24.363308541807527
39482,11204,11264,49076,19.385542778987894
116494,112822,14590,381996,37.03813071917867
83594,69258,1776,378768,19.619829174342655
15349,5944,37,51198,2.7812886833018418
127142,97770,17606,392999,28.533018200122697
121431,35251,37202,391955,10.630357981075669
138919,136384,64268,550502,47.778993514206114
85888,18786,39280,51100,26.255122950819672
96822,24000,54546,202467,24.472795439053108
22095,9959,8073,103946,13.62932790224033
102893,64535,43564,296672,33.8793698307951
70587,65711,14789,111867,47.002635046113305
134732,5564,14455,310909,0.0
93539,23687,47734,23300,31.82854210543196
70451,52657,9112,75980,37.15248896396077
27628,18115,13877,16789,49.83657883306791
108178,64875,19890,278085,24.486725581911294
95061,19731,16311,106157,11.657830235322582
79067,59637,35950,155362,46.075353813854065
129700,58616,25332,311961,18.382999228989977
123489,22727,28583,608061,0.0
32127,28339,645,190774,19.907710025834966
124617,9027,17236,151161,3.08934575539453
116842,31236,63034,157222,28.21802091713596
32990,32030,1362,38330,44.38708699605941
110518,110107,15981,521534,32.003112615139614
71796,43186,40036,28855,50.37139952086467
58647,40368,7518,147379,26.978788343819797
18521,15082,3851,81290,27.087630257545488
49317,12950,19350,281757,3.8237321816006613
79955,74199,163,175763,35.49065099118254
49139,16580,27974,281812,14.641832353120734
80744,12679,38728,44030,24.310413157634002
121546,22714,14652,268437,3.123056291445213
57146,38864,33412,75363,50.79734364609946
85066,31858,22586,502492,4.345919638868647
93446,42637,25969,558216,8.929863236521626
140946,130157,17235,6490,50.83365260454358
102468,94177,19057,218715,42.72119100597259
99066,19521,58985,313062,17.86828982698403
148835,14555,45557,545327,0.0
60461,19480,28985,236944,15.690775872049752
89772,73798,34896,239144,43.33221940025844
139200,11977,16383,326563,0.0
42633,25966,25069,33699,50.02146224755471
137322,70481,6191,269580,17.65041289815179
102528,34040,28219,43609,25.482941245318354
50325,40563,23772,300600,34.19582712369598
26484,20370,15425,82008,46.27171122186981
38514,11056,2207,22221,13.760580568105107
52733,23823,7724,254392,4.32651280981549
80267,53260,4027,68771,30.899684801973418
57629,39847,9261,160962,27.034652692220927
75031,45231,11276,276466,17.729471818315098
143822,31828,52802,843515,0.750441517987511
93292,8431,49722,507176,0.8374780259829357
75053,38234,19992,370385,11.451307742528616
66396,55978,146,206797,26.66960359057775
24455,21699,6801,65996,41.99591085667552
65007,37567,9659,280804,13.239958773670523
43997,31770,5741,177245,21.18133054526445
128093,20735,41732,310055,9.022780323671082
44224,42391,10906,112678,45.05246020260492
60014,48469,28152,41149,55.71674942513413
143507,100177,52928,658431,26.715177656839042
111795,103741,35610,571720,34.13904915246657
98655,78836,8988,34011,41.87588059398916
91485,64213,23882,470580,20.53675465923375
109372,80511,19417,1045,43.85953443294445
61491,19090,27232,74945,27.14307784879088
39802,10032,19883,29820,28.838249334204317
17274,11627,1080,51798,21.16244066226699
137115,53447,8343,273700,11.943040513437627
139258,7186,82888,121703,22.018878628157807
126738,108422,49388,501933,38.55950859252947
124950,68307,54156,105425,40.45190076030412
115041,59718,59471,577530,21.633287262801957
115735,35439,64593,644159,12.634855488832244
71394,59153,29065,298946,36.775079138302935
109323,29789,11410,402585,0.0
73941,67088,42665,4408,68.14838858008412
101327,28773,42499,492812,6.657159493520979
81408,11184,11364,288976,0.0
82224,6843,4244,270943,0.0
119543,11478,63492,627728,1.0456906719757768
44099,32650,20556,205269,32.390643778770496
64535,61838,29742,332538,41.345084062911596
97307,93116,16192,235815,42.38549128017512
129722,64538,21611,22682,30.665037541820197
55692,46465,13034,218228,31.485132514544283
90152,89762,21805,336719,40.783399148105424
106968,104249,46118,336373,50.25152382020792
46704,43324,952,241506,22.196813977389517
85179,30314,40469,490863,11.79850667418026
23341,13214,12092,120991,24.02874769718521
144188,32483,68684,395082,16.617887757649736
100073,46718,23210,32947,30.973039681032848
121223,67529,34666,492208,18.990208128820434
75237,43862,12406,352650,12.30897032045403
62992,52897,25313,214180,41.060293370586734
24720,9566,3647,140236,0.25
48974,9531,21426,124,27.217911544901376
112718,69549,65458,182344,45.99132347983463
19832,9200,2016,583,27.114007664380797
47989,42810,6612,130531,36.5151388859947
75604,74043,36658,117392,60.598777842442196
15124,5721,7253,74314,13.528167151547212
80446,18380,32065,378676,3.831390000745838
82971,29832,15939,177661,14.955285581709271
34287,32909,14456,15165,62.643713360748976
124264,17970,65909,688083,3.4463722397476317
30693,6175,9711,123904,2.5305444238099923
70195,26071,28737,291813,14.160054134909895
122832,71156,23951,528908,15.234629412530929
75147,51812,25417,398553,23.00298082425114
17720,7747,1251,44335,12.173532731376973
133426,35546,37605,545822,4.140047666871524
77034,28935,25426,345396,9.564737648311137
142336,30362,62883,300045,17.79728951214029
27207,17114,12318,151753,24.561509905539012
134080,86400,25172,77303,36.84639767303102
120656,100220,56627,169184,53.29332979710914
68946,49965,26073,401915,26.3615003045862
64698,10938,1047,139204,0.0
130312,11715,58449,164596,16.12077168641414
146999,81972,35600,3489,37.45028877747468
50240,40036,15803,190484,33.46934713375796
52341,5650,911,45885,1.7102271641734008
142596,40370,5217,824057,0.0
98553,42067,2343,381650,2.930605866893959
124692,26780,5399,589655,0.0
98239,26411,40185,170060,21.148932704933888
87866,85256,19746,211794,45.45182436892541
16924,7059,8799,62951,23.05335618057197
92068,39431,32844,60559,32.394697397575705
113155,97137,35891,174084,47.9171932305245
62711,6421,3582,97714,0.0
32584,28400,18401,64678,56.243862018168414
141633,104086,20808,757986,17.621564183488317
117325,14066,23376,465889,0.0
20281,19809,859,83813,29.8676100783985
112380,47928,32735,13363,32.38107314468766
149403,138044,56680,376146,48.78529882264747
91899,78373,26174,179851,44.248087574402334
120399,9981,47726,604753,0.0
97767,85770,39567,150680,52.346701852363275
102222,12683,1175,92448,2.1415155250337508
146577,75074,27821,815723,8.20125258396611
28389,17692,10221,106052,26.88294762055726
81626,11646,44131,18938,27.599661872442606
95385,34336,52324,122392,33.525187398437915
62193,21718,8336,322185,0.0
78701,61610,19722,117243,41.71694133492586
66477,50405,30737,336107,31.406426282774497
84218,13564,28522,96576,15.865966895438032
111495,65328,15358,552084,10.047984214538769
128277,125904,61219,720457,43.164674883260446
35734,10127,14549,174108,6.094196003805905
57158,19503,2928,224598,0.0
98600,6204,25157,579201,0.0
50410,47815,27935,66186,63.027573894068645
123299,108613,71042,634700,42.09162280310464
145873,75347,68146,242756,36.19182439519308
24543,19436,13416,122124,36.58151000285214
27910,7115,12221,71200,17.505911859548547
147325,28776,38670,593873,0.1101985406414343
28309,26936,336,16232,45.182804055247445
47233,32365,27010,15411,55.50346156289035
53468,43797,17718,92891,45.52470636642478
140332,123234,32080,571860,32.67679502893138
117173,88972,27967,265036,36.203732941889335
81490,62959,13059,270727,28.428948337219293
140204,122980,26349,132656,46.644032980514105
128502,8276,33068,668457,0.0
64623,13686,15544,196569,5.001547436671155
47124,18751,26019,10166,40.902300314065016
54361,54226,6833,301926,29.903699343279193
23337,13423,13558,2790,51.399922869263406
117790,98799,19324,133389,42.83865353595382
138476,24781,42700,356083,8.424817296860107
101197,62609,43552,295164,33.56532308270008
50771,43762,3908,143530,32.04132280238719
37331,15761,4327,170790,2.871072299161554
16600,5329,1342,24314,11.96144578313253
112117,49435,22333,646149,5.013914036230009
84406,64270,3611,162148,30.1779494348743
137567,83862,79434,421831,38.24540042306658
72176,13482,19874,28779,18.360188982487255
39891,6009,14243,233970,0.0
19522,11802,970,61275,16.521104395041498
118665,76733,22901,443934,21.345973960308434
47829,21165,6463,7999,26.694578602939636
21909,13380,10949,106683,26.178511114153995
84372,19615,17411,231685,6.1485445408429324
86701,17771,50467,383348,11.424205026470275
96918,91234,13253,51627,49.87396562042139
62176,24083,9802,78755,19.339536155429748
101741,33689,256,432521,0.0
106666,7802,9924,260791,0.0
80831,32875,37131,300255,20.137261694152
21442,14910,5983,111002,20.929484189907654
137486,96817,38820,103178,42.751698354741585
40612,28712,17809,196719,28.67046685708658
114393,46215,52912,469248,18.19158514944096
53189,6272,28540,273452,2.359040403090866
90948,14979,41555,71590,22.575537669877292
57360,38778,12319,308330,17.392956764295675
37045,31763,20692,131344,47.48576056147928
65509,39039,37523,119925,43.55500770886443
147147,57735,38903,72412,27.732879365532426
137609,98115,57814,696111,27.45521731863468
100753,12116,9362,119345,3.8068841622581955
123513,107557,63910,194455,56.366333908171605
60374,47848,2976,44249,37.93346473647597
140811,116863,54792,373727,43.79057744068291
91596,56695,27210,116755,36.45765098912616
114886,66392,62413,88399,46.77789286771234
83458,31148,28481,392744,8.781902274197801
133218,76499,17350,328681,21.585258748817726
132339,107711,22576,619816,24.101058644843917
114281,15186,17672,647770,0.0
67214,55996,25612,196245,42.29855387270509
56305,20659,24757,213486,16.97540182932244
21633,9079,5820,46385,21.02459205842925
27402,18745,6881,17524,41.05065323699
100146,95611,35002,486454,37.42895372755777
79680,27762,14053,129162,16.370607429718874
56732,31761,20671,265065,19.205474864274127
132697,101963,8023,98179,37.13855625974965
140499,125696,20606,44933,48.999459070883056
49793,34566,20551,159959,35.156447693450886
111790,104457,32591,539565,34.24872528848735
147504,26955,60600,777533,0.5704930035795641
103062,81212,8506,345837,25.922794046302226
55692,9541,20300,239668,1.6287797170150142
78933,36156,11494,334058,7.56679715708259
42091,33908,14576,223618,29.131286973462267
90234,46086,13315,2802,31.284105769443887
111928,14983,56567,179257,18.90094525051819
29471,23096,4621,57308,35.733432866207465
79727,17847,5544,50180,10.82707238451215
112924,100595,1616,98706,40.74297757783996
20015,14506,10068,65730,39.93854609043218
77857,41934,25052,289652,21.199378347483204
146196,106709,87204,250062,51.80237489397795
70990,25105,11872,346179,0.0
53521,45056,4750,156011,31.06715121167393
24094,24022,7090,80297,44.957873329459616
115540,40067,61576,340477,23.922494374242692
100766,6967,46394,481839,0.0
141694,95937,47953,123485,43.03319124310133
86653,7654,30281,278329,2.33454121611485
110429,64965,42301,592493,19.737251989966403
15721,9549,6030,51128,29.451688823866164
50167,18276,1924,184023,1.4081966232782541
18702,8594,2055,44138,15.57106191851139
64265,19614,34693,206345,20.79973547031822
22665,21312,1285,21382,44.566071034634895
79923,59530,13758,472702,19.12772293332332
18318,11853,8855,91442,26.729992357244235
136510,87332,42574,694290,19.462383708153254
149639,25174,82154,789281,5.372162337358574
144594,12250,13544,842378,0.0
20596,15471,3001,66295,27.29243542435424
148599,53880,58458,734653,9.145788329665745
18422,15796,4290,56950,36.73053957225057
90543,6348,16238,430373,0.0
30061,29279,5344,132706,33.73740061874189
69701,12893,20922,122363,12.47779802298389
87945,84982,18184,450736,31.586048098243218
27234,9813,2257,46205,12.848094293897335
27432,26278,14398,20453,65.16313065033538
108365,63824,24639,41167,36.6439809901721
54171,14004,21257,255141,5.072363441693895
72643,38593,10629,317152,10.586704844238263
77248,45381,29745,357672,21.62502589063795
108670,38611,18310,254229,12.807628600349684
131607,49361,66831,464344,21.42416436815671
64190,20559,7717,92042,13.653528587007324
80716,17911,26521,304796,5.357178254621143
30211,22043,11993,165501,27.360729535599617
115392,61733,25746,675506,10.673963533000553
31669,24646,6574,128884,26.866651930910354
92935,77734,5115,135582,36.72878893850541
65106,16470,29748,197916,15.725739563173903
75685,73236,32464,151289,55.544890004624435
102499,85040,29409,226904,41.8915306490795
80563,21360,11378,192642,6.9499646239588895
95911,69650,6770,117404,33.01268884695187
103701,91953,41633,288211,46.49824977579772
86857,9502,46591,304509,9.396997363482505
106003,36070,23450,598559,0.8624755903134798
140650,115929,10836,437110,28.754639175257726
80818,26382,41929,192422,25.169516691826075
83854,13200,40665,497162,2.268824385241011
31308,27279,13414,32925,55.445413312891276
30178,16939,6741,67732,25.778050235270726
116331,36059,46545,562336,7.333127025470425
94140,45169,29849,380270,16.476099426386238
95782,21374,31382,519945,0.0
50555,15489,1651,46928,11.983977845910395
38069,20609,15941,53688,36.7661351756022
102961,13269,33929,63935,16.520187255368537
18215,17655,71,94122,23.618720834477074
18963,17194,8547,105738,38.36444655381533
137036,133858,52372,612910,41.76442686593304
37285,7510,16006,175779,3.670242724956413
53825,18621,30678,288376,15.096052020436602
44189,39305,3264,80366,38.33487972119759
81338,25500,5809,110475,11.740945191669331
109439,22329,29806,431783,1.3685706192490805
130171,23851,6169,372069,0.0
131093,108985,2022,354355,28.669379753304906
127795,31065,71259,657222,9.458390390860359
122258,13092,22030,226888,3.2828935529781287
90357,39232,24021,260446,17.931206215345796
93734,39816,28860,25956,32.169970341604966
84330,69243,17374,221661,36.15326692754654
107137,28683,907,93557,9.35853159972745
61777,48382,36656,163069,49.69478932288716
99552,71087,3147,567988,11.967916264866602
57310,30749,10518,123306,23.41022509160705
92712,89930,45587,402906,46.43897230132021
127197,10422,76111,348191,14.344560013207856
27986,10382,6809,159201,3.280568855856501
89894,89873,27217,335691,43.42753687676597
121509,116264,11148,353846,36.95109004271289
88299,18380,6833,481010,0.0
144970,131891,72701,732350,40.548665241084365
145736,72787,59500,435188,26.372413130592303
23519,23342,7822,74777,47.02984820783196
94754,36330,24223,416412,7.423011165755536
92761,9490,26395,138799,9.015696251657484
50283,19878,5958,210102,3.6137461965276536
107994,70911,17205,98813,34.6286367761172
23632,14097,7846,64110,29.54214624238321
38736,24288,10980,26906,39.21597480380008
37826,18940,1990,192261,2.1400623909480245
66773,48575,3203,360943,13.29197430098992
45843,12855,23034,106003,22.557315184433833
111592,14584,53110,235493,15.020207541759268
52376,49620,4455,138152,37.5828623797159
106123,60267,27898,55980,36.27272127625491
147896,19806,17121,29330,10.334897495537405
108613,83378,47887,173000,48.05483689797722
37338,28948,16787,47057,50.44713160854893
98679,14383,37288,147436,14.93215375105139
50175,43480,2463,177317,27.622022919780765
73704,11681,32358,168793,14.034584283078262
138127,28571,77702,387611,18.812940265118332
49673,27350,26223,222469,26.253195901193806
78108,41478,26690,243972,24.60234547037436
110434,14890,3679,235308,0.0
33711,15876,5074,119136,11.897600189849012
105010,95246,24370,134895,48.210884677649744
45114,12109,21835,199757,10.641153522188237
66103,60776,6173,355521,24.70606477769541
54615,43649,10958,205316,29.189599926760046
42312,8764,18900,187843,6.026304594441292
81887,37759,19227,53619,29.173556242138563
140103,99390,56893,302829,40.906154757571215
72209,28802,20316,352583,6.7834341979531665
103851,6089,13643,366717,0.0
27913,15662,2359,97516,13.967685307921041
45434,40166,5037,196136,27.052427697319185
91103,19411,2132,391350,0.0
21290,5196,1015,31780,6.646312822921559
67521,33389,26716,50872,36.78455591593726
90124,66504,50447,390531,37.61955749855754
143709,90844,30530,217347,32.54260345559429
116474,72493,18820,370325,21.685741023747788
99300,86113,25231,373119,34.73610271903324
88983,49426,37421,57737,41.35008934290819
54995,47859,29114,90678,56.44367669788163
146496,112041,8472,428198,25.93886522498908
114400,82500,12515,202810,31.569493006993007
60025,21864,19817,223194,12.82648896293211
24189,20396,12406,130570,37.67476952333706
136222,12443,14513,540084,0.0
66797,14716,6124,232729,0.0
133589,99586,77405,296294,49.360576095337194
30750,5822,3349,120144,0.0
132786,20489,34828,552746,0.0
35461,33855,17889,36514,62.76585544682892
76222,50349,2060,197509,21.15275117420167
138158,47168,48138,611430,8.879471329926602
31120,6861,17830,46914,26.403598971722364
79894,78849,44741,229510,57.38278218639698
100433,69445,14966,31741,38.95318271882748
139767,91062,54872,310675,37.16617656528365
41125,40654,22186,227012,46.00644376899696
148328,37370,36737,616785,1.7127919206083817
87326,33552,31298,498380,8.546939055951263
41164,35412,2891,10836,44.506364784763385
131395,12905,55251,611863,0.0
74464,5683,2822,333366,0.0
68715,59712,40999,199181,52.8218729535036
77622,67382,25516,220408,42.3552601066708
51996,35252,9884,302499,16.502423263327948
74679,38440,37319,152131,35.54017863120824
75560,66349,28825,223190,44.3951826363155
86155,69539,17244,380638,26.27264813417677
136287,122851,15097,233762,40.92554682398174
143178,133533,72205,342575,54.840652893600975
48618,41082,8755,66353,42.628964581019375
140194,46990,60271,536970,14.804413883618409
84600,39968,38411,323158,22.683806146572106
84772,43501,42957,270587,29.9673830981928
63010,14143,26920,201521,12.320980796698937
51067,35844,5638,160462,23.8003015646112
68362,40514,14346,110431,29.949167666247327
77474,45433,32658,95222,40.037431912641665
60654,35046,4088,124354,21.334949055297255
120109,32805,915,398840,0.0
144863,62188,55398,581211,16.70036517261136
133199,39863,32957,29133,23.767182936808837
104372,43769,32400,492538,9.789598742957882
124566,6114,60207,399986,5.732302554469118
130409,112464,49073,779489,33.17175194963538
148959,84666,42344,571372,20.611040621916093
89772,17530,40165,454543,2.660072182863253
123682,61784,21953,20313,31.255599036238095
84261,13433,49342,198255,19.630137311448955
41168,21940,19046,156712,26.119315973571712
142217,135396,48832,322909,49.98372205854433
39549,25082,21272,30966,49.3097170598498
16749,10583,4047,40163,29.268314526240374
34362,11830,18805,78709,27.6513299575112
33910,11775,9362,178462,3.4054851076378654
42056,27752,2958,170367,15.552715427049652
53180,6123,31778,223795,8.617807446408428
140357,115126,19400,508682,28.41960144488697
109341,5968,62613,459914,4.603488170036858
147116,37137,57025,99580,24.74204029473341
31089,10363,239,110864,0.0
139406,81535,47747,218469,35.108137382896
133498,114783,21636,473312,31.74601866694632
141143,78251,64705,459400,29.783623700785732
80843,49923,21657,386709,17.67481414593719
85366,71580,47488,320455,45.40736358737671
64251,39398,10912,280499,15.624426078971535
73633,23082,43790,277561,20.614330531147715
135094,48316,4700,403749,4.330725272773035
62477,59566,13316,242313,36.8035437040831
75320,27808,17211,399721,2.600106213489113
62365,53022,21567,35546,53.49234346187766
104903,53829,28837,536014,11.652240641354396
126068,62894,1139,612661,1.007035885395183
78024,68267,26384,301904,37.92666359069004
131864,32125,77430,426015,19.51537189831948
50501,13838,8093,273635,0.0
144709,50243,18586,815776,0.0
37024,30919,21194,78658,54.03035868625756
79444,71048,45970,325052,47.40370575499724
120397,109437,12006,417510,32.09830809737784
79960,21467,27904,215385,13.914269634817408
74807,23113,34196,382918,8.733340462790913
30318,25519,11761,117757,38.182103041097704
123369,27082,65834,405466,15.888351206542978
140045,107896,58213,323842,43.58677567924596
100138,32734,44043,70874,30.398550000998622
36802,12766,17725,24861,33.231753709037555
86526,28628,24322,53755,24.680500658761527
19982,10577,10660,112949,22.805524972475226
95030,34285,39144,253640,21.1702620225192
122571,110705,46353,434073,42.57944375096883
87183,31596,38697,87655,30.8478143674799
77759,57669,22517,62878,44.621715814246585
119185,106507,69497,162811,61.175273734110846
123469,48366,7366,599055,0.0
148031,117541,8734,319657,31.264566205727178
28116,15982,10666,145791,18.595817328211695
115111,15562,62927,57173,26.14272311073659
116881,8079,62201,291612,12.268289970140572
100404,22087,42624,281765,13.948498067806062
52655,9836,31364,310425,8.166081093913206
68495,52623,28583,257392,36.31666545003284
24077,7985,8026,139001,4.916102504464845
52160,50835,11544,255930,33.049463190184056
87624,33588,21867,258205,14.414486898566606
90099,35499,38997,237196,23.849876247239145
137867,75972,15253,487790,14.287465455837872
122925,94885,19370,725580,19.897701850721987
139225,137084,76134,194297,64.12695277428624
74400,54603,9703,24693,40.25275537634409
140542,24901,42721,314729,9.820872052482535
30837,11210,3808,6855,22.00424814346402
16971,10451,5280,51463,28.073478286488715
90809,5333,44588,543088,0.0
111569,20657,42660,462385,3.8301409889843967
81889,45079,40307,96335,41.331009048834396
124671,115232,21738,373083,38.226251493932025
107851,60427,50046,614538,21.575275148121023
54301,28051,4902,278450,4.44015763982247
62784,61878,16294,182744,45.10607798165138
25780,7418,3984,14882,17.682311869666407
147878,35844,34577,696032,0.0
36986,31938,19988,143244,45.42799978370195
93626,71451,422,57385,35.27337491722385
102136,44437,42034,493153,14.073832928644158
55045,25424,16199,111331,24.752566082296305
125204,65325,68479,149347,42.000854605284175
88033,81213,3001,504592,22.490032147035777
37237,28552,11624,205647,25.82471735102183
15331,12684,4389,86911,27.81847237623117
139157,92676,5408,827784,9.853582644063898
91107,62743,8278,98260,32.675535359522314
111060,13913,44501,649915,0.0
67526,47552,18615,61146,41.709415632497105
149511,59296,48073,772363,7.691373878845042
137431,81206,50920,449087,28.026173134154597
131505,24737,58421,571813,5.434204022660737
22576,17184,10312,25795,50.615919560595316
147966,28561,17053,122333,10.12736033953746
120955,68600,36374,58416,37.971807697077416
147059,121960,26397,495291,31.8064518322578
62923,8053,32445,4022,26.704702572986033
66315,28819,12925,145178,18.578903717107742
47237,32840,15209,280311,22.639773906048227
16702,6625,6189,63785,15.560112561369898
44050,32320,22460,223027,32.080590238365495
39316,14826,92,144004,0.6348560382541457
97043,5737,39272,553239,0.0
146389,93641,75889,411471,38.66584920998162
26296,23483,2139,108642,27.24749011256464
78263,49573,22021,89036,37.23739187099906
90696,20396,47768,449989,7.503914174825788
122630,5459,54718,136578,14.505259724374135
92771,10151,13484,279533,0.0
113591,77404,46762,426326,31.77232351154581
41685,41513,8544,218581,32.9923233777138
101113,78638,43016,33220,54.26048084815998
47487,27992,12070,261848,14.640322614610312
19324,8647,5016,52542,19.161664251707723
59502,43415,27275,69832,48.94944707740916
137325,16778,71668,585260,5.675004551247039
53791,41290,11887,53062,42.28718558866725
49068,44901,8988,262066,28.08082660797261
141828,22265,64202,735857,0.956299179287587
102145,92203,45241,350419,45.69675461353958
53425,34496,3866,53869,30.137482452035563
130239,8072,32252,366660,0.0
108327,62877,45502,443366,25.35932869921626
127816,84089,53271,77831,46.5210537021969
34171,32365,8722,137445,37.45588364402564
39571,12188,23196,161802,18.403123499532487
137136,45370,23873,317405,11.932643507175356
126395,50755,53020,18125,36.14007674354207
137227,88351,60910,773014,24.94607475205317
40675,7903,17857,230771,2.275476336816226
15367,10288,6672,63908,30.047504392529444
81405,56563,20682,135192,36.600577360113014
54303,42522,16876,115637,40.93613612507596
113387,36037,16382,263477,10.051813699983246
109481,28249,10746,26685,15.608781432394663
122850,120754,58804,313777,55.52279202279203
138058,47182,2431,365478,4.555693983688016
37046,8124,14261,44131,20.406656589105435
75774,63874,33772,110234,52.70158629609101
58741,5554,6118,282888,0.0
134855,98204,6100,19125,37.51121575025027
73726,51788,42949,394082,33.42389387732957
103071,5733,13311,163569,0.012079052303751503
89873,38033,7257,268548,9.448777719671092
143990,26599,53346,783634,0.0
109238,30354,54139,435188,13.79849502920229
126075,81354,13200,20106,35.65472932778108
33328,26098,2546,30721,37.60006601056169
130905,32301,37049,6761,23.400213895573124
53217,12592,19520,128207,14.45712836123795
134188,20183,54509,791730,0.0
54731,27851,8909,154434,17.84619319946648
34162,8762,16185,159203,8.473889116562265
84386,32542,15524,187097,15.55441660939018
45849,24148,22496,107460,34.24153198543043
23661,14821,8038,61162,31.98343265288872
145042,12986,10584,498168,0.0
60709,52563,34669,352747,41.13368693274472
144043,67230,76576,247032,36.02660316710982
105552,19145,933,567511,0.0
52778,43521,29362,260102,38.842320663913
79638,72373,7154,139686,40.261935257038104
107726,89630,63721,97478,60.7369622932254
46128,38318,20479,113456,46.99488380159556
133507,89752,57773,98673,47.22714913824743
37607,11653,18538,191041,10.210732044566171
58668,31043,11928,159872,20.96389854776028
33933,10452,325,139889,0.0
120716,74022,8480,308839,20.677499254448463
141334,67540,15491,544108,9.028966844496018
54702,41119,2309,101208,30.02211984936565
81344,62675,45734,463944,36.01384244689221
82823,39009,43172,6651,43.998345870108544
118825,99096,6678,343552,29.490090469177357
138664,40501,70920,21787,34.276488490163274
92575,46777,48305,16318,45.25476640561706
52601,33433,24121,160270,34.8879298872645
97437,21968,27307,44425,20.203362172480677
27193,5198,14035,1105,29.999448387452652
120859,70642,35055,695649,15.826914007231572
40019,20174,5181,103748,17.421724680776634
25099,16280,2785,29575,30.97832582971433
133438,92140,49260,141781,43.97918883676314
135559,45295,10290,494273,1.5121460028474694
83959,10349,34030,55351,19.079491180218913
118106,43323,47237,302310,21.540649924643972
51860,31654,122,184734,12.801966833783265
87075,67393,10805,166776,34.085213896066605
29111,16834,11431,166490,19.620246642162755
113989,28881,42818,243260,17.023309266683626
76457,43748,39445,421590,24.245981401310544
101036,69524,20613,2105,42.462043232115285
108566,39429,16744,137674,17.987583589705807
121196,104681,47987,127647,53.75833360836991
113277,90440,31246,332154,36.29218641030394
102914,5253,19646,397031,0.0
100843,9409,25086,230824,3.170968733575954
56046,12744,20177,121120,14.964136602076863
90200,73715,21795,431893,26.586308203991127
54493,33758,13490,267282,16.352375534472316
51761,46349,3484,6069,46.87824810185275
82984,38227,38072,178199,30.647293454159836
115887,61468,29477,632390,11.695056391139644
124863,5936,14854,333188,0.0
85357,18082,13349,204472,4.8701336738638865
49542,12433,21717,59083,24.11923216664648
113502,74817,25997,41726,40.28210956635125
111165,96124,65201,129008,60.89326676561867
78830,66102,43027,378326,39.76341494354942
115236,40626,65284,57147,37.80871429067305
37376,15268,7085,176533,4.3914544092465775
17183,8281,5331,9930,33.61694698248269
99446,25258,7671,77908,11.867747320153649
94076,31551,34706,203360,20.7171861048514
127564,35681,7323,325748,3.513765639208554
118576,61655,3467,542111,4.308418229658617
120846,39835,28347,352200,11.292305910001156
26168,18847,9712,141744,25.85715377560379
101944,80179,19077,169793,38.4825492427215
82240,15963,41231,403774,5.21060311284047
55638,15763,1945,230561,0.0
26039,6260,13595,84399,16.698221897922345
67154,27044,20362,310909,9.1153914882211
39144,38007,4097,73009,43.40856836296751
38138,36223,5320,150261,33.369474015417694
82426,38442,26969,387661,12.891017397423141
20996,14152,7808,90163,27.10540102876739
130704,28549,56012,62117,25.686627800220343
65222,25277,10292,262011,5.603554015516238
75152,29933,4614,275143,4.06502820949542
136952,112608,42427,503534,35.12040714995034
115132,26312,62454,88102,29.298978563735538
70626,44901,7722,186797,22.93694956531589
46494,34129,15568,193923,29.24151503419796
102953,27370,61312,305852,22.259866152516196
146033,77126,52726,313735,30.10733875219985
144739,14642,70713,530349,6.279406379759433
21244,17655,3797,34763,40.52038222556957
84126,75182,2063,78472,41.001117371561705
143886,108957,18671,122467,38.79706851257245
83658,73842,5342,281335,29.872875277917238
76077,52648,22936,368803,22.422348410163384
105114,65747,47108,493062,25.746903362064046
24681,15711,3205,133119,12.022405899274744
74837,70130,12453,405048,28.511231075537502
23031,6804,10272,80962,15.034952889583604
101507,50195,58249,333588,31.24681056478864
108187,62015,13093,61440,30.662371634299866
59236,5456,10985,146874,0.0
139057,120307,71853,178863,57.495523418454304
134625,84018,23827,477660,20.543584029712164
69990,49418,28041,330937,27.687598228318333
135019,10087,45854,441385,0.9745665424866132
85537,60217,1182,505028,10.752130656908705
99125,72716,28793,61271,45.2072131147541
70146,58207,35332,74045,56.359664129102164
135497,126719,21059,630809,29.70003025897252
52371,16342,17373,139332,15.56892173149262
81438,68467,17214,400838,25.881283921510843
94689,73981,52297,293309,45.66934913242298
25538,10302,15150,3529,43.2083561751116
137684,105837,77172,656799,37.00310130443624
88199,84789,28185,316446,42.9100103175773
48269,23526,20206,82686,32.54904804325758
44693,29326,5482,161940,19.597699863513302
110239,18752,16819,446034,0.0
77644,71238,13455,252255,36.56206532378548
114680,41904,45392,118888,28.9190791768399
82890,39289,17971,289622,14.901435637591995
21926,10398,523,11491,22.04528869834899
86769,36683,998,383139,0.0
123906,112872,3780,313774,34.10593514438364
58457,39026,19834,27873,44.567716441144775
142616,87192,45054,843846,18.205250462781173
142937,132783,31151,544053,36.13427593974968
81040,78287,23047,110387,52.866423988154
118930,75482,58665,413373,34.085890860169854
96780,57052,6507,92843,27.36789625955776
67583,11799,39716,256757,13.240089963452345
116075,35425,33721,658504,1.879948309282792
131103,114354,28198,619524,28.588209270573515
70992,13908,2140,194487,0.0
37861,23359,21375,50596,46.74916140619634
60212,51937,34078,9189,65.0040689563542
144691,17385,61897,469807,6.884291351915461
103414,40412,34759,444361,11.498974993714583
53155,18996,30533,18064,39.145894083341176
73673,32128,28191,93191,30.785837416692683
43362,14260,23224,233800,12.866334578663349
68654,25738,9431,107246,16.428904360998633
103829,61237,25858,209232,29.3753190341812
133286,114089,35545,248423,44.14668457302342
145049,99085,43525,864013,21.158539528021564
91857,89241,52452,530546,46.416767366667756
143869,86957,19423,518472,17.60219366229
59182,18827,34614,238650,19.138589435977156
24131,18675,5405,45593,38.207492437114084
37199,15718,14155,183266,11.714562219414496
120982,120832,26896,419381,41.49819807905308
137192,31754,46431,778655,0.11035628899644223
136324,84165,41656,582634,21.72266072004929
47640,38042,12433,247353,25.36565910999161
58385,6605,10200,337513,0.0
54731,9682,20753,274130,0.0
60119,15972,23673,41712,25.56529549726376
69484,61055,38776,74489,60.896681250359805
118312,22809,14419,399130,0.0
77226,63421,23412,14136,52.273198145702224
137505,61792,43058,60501,32.79455292534817
114059,15884,60094,340261,13.121761544463832
140621,109361,44992,737195,26.683105652783013
107631,21944,27416,358565,3.7258317770902423
126222,37877,35371,132374,20.96956156612952
79064,73689,20706,38954,54.61297176970555
97574,87235,18400,163286,43.87767233074384
134642,121381,82,466243,27.785646380772718
38237,14243,17401,146945,17.612914193059083
119721,11687,68708,389868,11.554614478662891
136877,58913,45298,716493,9.757994403734742
90330,88262,48005,114198,63.79176353370973
20142,9219,10552,70544,26.328567173071193
59131,6246,35013,27894,26.607870660059866
132085,64983,64614,109037,40.038800772230005
112913,56985,47695,424499,23.332610062614584
77493,61368,20788,325935,29.29612997302982
77290,9898,3364,444039,0.0
54105,41474,20719,103278,44.100730061916636
148332,124132,49474,722805,30.819614108890867
69789,32760,19077,337612,10.216796343263262
35330,23959,5279,6679,38.93900367959242
67604,33466,17089,201929,19.928036802556065
101068,53626,39032,40497,39.974027387501486
63513,22741,24102,211068,16.465762914678884
49260,45831,26180,83782,59.27405602923264
90847,25741,35001,61610,26.18732594361949
64003,29314,12144,317833,5.660594034654622
116164,22588,16108,544884,0.0
22328,5331,8334,33695,19.32259942672877
122580,7414,25027,322416,0.0
116321,102904,35838,374906,40.4414508128369
133206,9087,77254,31717,25.41871237031365
87645,86224,42656,101449,62.86947344400707
27105,18884,6213,136036,19.00368935620734
146854,71399,24931,119831,27.020271834611243
120704,16122,20589,42182,11.753960100742313
18247,9028,7819,12031,38.581958678138875
123361,16329,51487,684438,0.0
108203,65027,2780,187170,22.42728944668817
59037,7561,15213,298134,0.0
52850,26156,25621,12901,42.91646168401135
140605,31114,36868,646813,0.0
61071,11057,23974,215240,7.1328453766927
92933,59821,51619,38992,52.30488631594805
24187,14262,6045,5614,38.319345102741146
134395,81314,28256,786827,13.661706164663862
70132,37690,26754,181679,29.177337021616378
26697,6097,8865,46124,16.062853504139042
102885,68853,2500,34121,32.77489429946056
40154,11222,4539,6459,17.69101459381382
36652,28400,6143,78114,34.79073447560842
110645,67836,14685,437457,16.195173753897603
24052,16099,10471,83531,33.516339597538675
91141,47479,53281,539522,24.43099154057998
139772,127106,7156,663021,23.799008385084285
83575,50898,6669,220747,20.43583607538139
66542,26658,8212,329327,0.2215893721258766
146921,45867,63381,202088,25.987775743426745
136477,103244,72774,487903,41.279079991500396
31637,20858,8834,159826,19.133767424218476
90018,62338,37427,307517,34.175331600346595
127199,81468,19036,471152,19.48977586301779
48502,45549,25255,254445,42.78380272978434
95410,43913,42332,462353,16.530395136778118
128066,122316,49029,109718,58.78507956834757
34200,24056,12933,64135,40.919444444444444
108324,80744,5079,159949,31.762259517743075
123031,115557,58818,189879,58.3688257431054
51587,43380,9203,214927,28.34987496849981
19192,14522,9392,32915,48.83310754481033
147982,59012,42929,486639,15.10024867889338
113751,87365,39021,656364,27.12340990408876
54801,17709,15774,44191,23.63925840769329
23498,17205,6343,12801,44.6831645246404
57723,57364,11485,75691,51.09133274431336
83118,61211,42245,156366,47.74561466830289
139646,82540,31018,551606,18.68789653838993
127640,123298,2946,416520,32.90614227514885
60153,9237,11742,262493,0.0
85581,67569,3320,449786,16.028382468071186
74869,32210,22321,135418,24.392605751379076
82296,72493,31183,390531,35.47335228929717
63267,45603,7864,166044,27.889579085463193
140189,55007,52067,521301,15.882308883007948
96294,88950,35255,551089,35.83141213367395
63353,61470,8553,53664,49.678783956560856
88493,43429,22527,215707,22.53279920445685
58097,8473,14995,83827,10.401827977348226
96721,18827,17813,378201,0.0
144877,51942,30712,831819,1.405709670962267
35064,19976,6495,159603,13.135552133242076
44442,21815,23503,158773,27.834143377885788
42172,12224,5352,111,19.556222137911412
91566,29119,44056,58331,31.96093528165476
95928,20675,39622,512251,2.2978692352597747
48467,17856,25862,284971,14.764788412734433
68128,54297,19899,275694,31.299025364020665
108323,65431,9338,371618,16.496773538399047
128599,89821,13714,429498,22.48944393035716
115000,24630,40532,335474,10.220956521739131
136363,11583,69433,224118,16.396529850472636
68264,32499,36079,274767,24.819450955115435
132933,22947,55253,410235,9.82671721844839
106944,6095,45742,469821,0.0
37480,6959,22374,30461,29.098319103521877
17131,11632,5912,55916,31.434242017395363
86070,28036,6691,509580,0.0
52163,47303,8684,153308,37.305561413262275
17303,5678,2620,17291,17.467780153730565
20662,9227,5386,24869,26.73724712031749
45011,40014,901,67444,37.75788140676723
109976,31970,33311,81850,22.92945733614607
109813,71874,26525,86852,38.432972416744825
95110,42068,47172,105333,36.41693828198928
70106,64880,761,231030,30.229794882035772
134993,56588,77402,355826,30.715296348699567
111545,34104,1835,18595,15.111614146756915
49556,42123,12518,179843,34.45909677940108
79291,34052,10654,346067,5.0248451905008125
37681,34837,11606,15534,56.485231283670814
17214,5643,9805,75764,17.168002788428026
125611,53206,38465,428720,16.362420488651473
114473,63369,52875,479077,25.22922435858237
58288,45841,30907,237294,40.177395004117486
137381,8042,64031,182764,14.918511293410294
43673,19331,17372,190773,16.201428800402997
44866,10054,8905,131346,4.506084785806628
58176,33264,23944,344938,20.05225522552255
20094,17101,8022,83609,37.71698019309247
104929,57657,3270,570020,3.720849336217821
87367,63162,40810,279769,38.8207790126707
79184,59310,46490,301204,41.91604364518085
16739,10866,87,47380,18.512455941215126
31762,14199,15986,111715,24.898148731188208
28388,22935,1109,69846,29.65619275750317
136759,36617,43496,766481,1.109360261481875
111043,95664,11112,425992,27.89658060391019
146979,42463,23981,16799,20.400159206417246
134739,60829,70375,98639,39.80477070484418
85544,27816,4519,173897,8.207179930795846
86521,85154,1276,327091,30.897527767825153
66276,38199,30267,129821,37.291402619349384
71837,44730,29447,63475,43.11155811072288
119851,101240,54536,588620,35.88071855887728
83845,59721,38196,30890,51.99403661518277
24617,23754,5077,73430,41.582239915505546
109174,8700,17277,412714,0.0
121154,110308,9757,511283,27.644691879756348
17917,8229,6763,29296,29.887257911480717
94439,26010,36771,85176,24.83571405881045
26919,5971,10269,12362,24.053642408707603
83022,39875,40930,376525,21.05857483558575
24934,13498,6844,119167,14.15035694232774
123330,106653,54859,442175,43.10496229627829
89296,80736,3060,148905,38.23995475721197
133322,54438,4657,616569,0.0
117259,6286,22311,698349,0.0
87005,80620,33894,254282,47.30015516349635
109991,75811,10548,502191,15.469583875044318
44520,25016,4071,187018,10.749101527403415
136263,87363,65860,534116,31.791241936549174
54228,9692,9475,296390,0.0
36750,15171,11245,191520,7.880272108843535
111028,104985,11787,628141,26.525110782865582
53842,44738,24418,130592,47.55878310612533
23913,14261,5249,79849,21.902939823526953
79741,6668,7745,394909,0.0
70372,29369,8188,254572,7.433496276928324
26829,25693,4449,40668,46.93689664169369
19282,5610,2436,97215,0.0
70545,60909,42096,58717,62.877666737543414
147538,49057,34906,488152,9.545540809825269
73200,53100,34936,281821,36.11113387978142
106978,38212,36063,247461,19.778038475200507
43310,25496,7273,220039,11.151466174093741
96723,15679,32443,95365,16.592175594222677
56166,37059,9289,125773,28.409446996403517
62371,22266,30574,340864,12.45747222266759
92536,82478,19857,344882,34.513810841186135
96213,48764,15165,425736,9.521790194672239
76814,63788,6639,423023,19.9782591715052
137939,38089,11573,612804,0.0
82056,9854,29217,151162,11.03599980501121
27263,22285,7498,112770,31.189524263654032
141117,80130,19237,258546,24.683418723470595
93179,67724,16274,248646,29.98454587407034
123620,55202,13076,461364,7.897751172949359
84902,28675,29583,295333,13.432015735789502
24779,23303,2153,27530,44.942088058436575
117872,62542,36307,393795,22.14609915840913
102206,60086,24440,359631,21.366113535408875
85978,55061,16028,35728,37.39945102235456
99574,97517,58484,50336,69.93321549802157
35820,23718,4432,45614,31.6892797319933
56140,50284,6093,199190,31.385286783042392
120619,49605,32503,523134,9.656024341107116
104706,97020,37053,91186,56.13040322426605
129611,35627,39593,491483,7.002916419131097
117843,101924,42447,688542,32.65365783287933
111760,104336,51856,222586,55.28015390121689
134461,71988,18406,772531,7.244591368500906
21031,16029,7140,118075,26.68798440397508
23638,16388,2233,125604,13.443184702597513
19355,9937,3234,74530,13.100490829243089
92470,10988,22409,96451,10.419649616091705
131548,73477,60099,582219,24.072695898075228
145618,13901,42741,496381,0.0
109569,5481,65350,513613,2.9203971926365995
41150,28038,10872,9443,43.48882138517619
38279,16631,4042,10112,24.626296402727345
20551,15503,7338,6802,50.34596856600652
87316,68192,19168,442449,22.829950982637776
109353,85719,46660,468577,34.83640137902024
42495,13498,18288,93581,22.085304153429814
48545,14745,24688,94861,25.758883510145225
76011,48668,41952,415133,29.090592151136022
101446,58076,48582,194535,38.19179662086232
16250,10924,4953,82532,20.804307692307688
41051,35898,24368,3840,67.00007307982753
18361,15731,3072,31456,40.96454441479222
107474,37982,11561,614072,0.0
111449,80300,20159,616559,18.260684259167874
134494,8615,34312,329201,1.1690112570077478
149575,69147,67912,181669,35.20297509610563
97258,28120,37109,163501,21.312951119702234
26157,23334,7970,93621,38.89570669419277
110223,86838,32940,460355,30.463015885976617
77280,48263,19226,151938,31.34704968944099
58455,17011,32510,158928,23.20263450517492
41971,16974,17275,28177,33.32813132877463
46810,11753,7544,22395,16.608310190130315
132073,80342,6695,357836,18.896519349147823
141059,50029,25433,89397,21.77659702677603
31411,18704,240,4851,29.306453153353917
70973,20074,40587,5213,36.64935961562848
40560,31590,18784,31241,53.615754437869825
103930,70251,31943,440632,24.89281246993169
97229,76359,30938,298223,36.659381460263916
69830,15890,31071,270691,9.793570098811397
123321,52455,40364,735354,9.360003567924359
25305,22497,4662,96854,32.683659355858524
69625,30354,18040,324821,8.835834829443442
51522,10376,5263,53485,8.965005240479794
123081,19099,63295,212081,19.71340011862107
40801,31615,2311,1190,40.86272395284429
27281,12737,6993,157759,8.597375462776291
61055,57691,16393,249618,37.542871181721395
142884,99195,83582,486074,41.10089303210995
132794,129243,68482,290644,58.34759100561772
136998,56038,43447,109410,29.14444006481847
133549,132012,35662,179986,53.3673033867719
86442,46079,5444,213352,16.831517086601423
84423,48188,24350,45426,37.38637575068405
143901,82515,59187,815143,20.122896991681785
144629,14030,3866,294303,0.0
90734,46314,25087,56511,33.46733308351886
145060,126994,8560,410249,31.9926582103957
140681,75113,57812,86585,40.056617453671784
91690,54610,26318,414414,18.662340495146687
16320,15242,4885,39214,46.65625
83474,75235,19490,277774,37.76601097347677
122727,88182,29842,666953,20.652382931221325
22963,21228,12269,43516,58.11871271175369
87166,15495,2499,478574,0.0
59760,56774,23532,131785,52.22648929049531
48704,14177,8621,206295,0.4561227003942179
20487,19900,11580,39014,61.655195977937225
32269,23849,12777,97650,37.660912950509775
25703,12446,11737,6964,41.122048009959926
119497,56835,69671,498050,26.26291873436153
61311,38432,8103,70932,30.843731141230776
82216,36870,37710,487002,15.769436606013429
109601,38899,45081,329153,19.18253483088658
24820,5543,9844,107020,5.471796937953265
67937,61406,39609,266099,48.930111721153416
70123,23103,14686,127236,15.778132709667299
58978,24045,30899,309532,16.34100851164841
56324,46574,10054,60974,43.072047439812515
119898,5164,13544,466860,0.0
60031,14105,30515,181399,16.972147723676102
114094,42320,47628,595039,10.243921678615877
82913,45424,21344,295209,19.887291498317513
92574,57469,44946,334514,32.39268045023441
47082,33751,1338,276380,11.979525083896178
111334,32094,40125,587054,3.8294680870174425
86230,52946,26122,10616,42.202249797054385
100433,35284,57624,14802,39.77925582228949
137390,29220,60653,359493,15.209658635999705
40160,35423,8511,70655,43.78274402390438
33896,19003,8678,84965,25.738877743686572
80504,18421,48185,450548,10.382713902414793
38141,25022,10818,187996,19.50237277470439
77496,19490,27422,426439,1.7288634252090453
75509,7998,16428,125787,5.669324186520811
121430,74794,5624,497990,12.144527711438688
91478,8735,11241,453012,0.0
58623,44483,18481,281599,26.532163144158442
108546,43067,59781,36108,40.2046137121589
47943,42906,22893,35389,60.15633147696222
86924,86000,9891,32555,52.14745064654181
99173,50810,54879,335370,30.843173041049475
43452,17684,6239,111593,13.251288778422165
22281,15387,3685,33144,33.7071944706252
46548,11668,12754,49498,18.176291140328264
79305,24491,25196,455130,3.1494231132967627
41659,38157,23860,7292,67.83144098514127
113335,21527,29277,407029,1.8730753959500603
63949,8678,8507,197935,0.0
76426,38358,302,396573,0.2529243974563613
75725,66964,31779,334595,38.909012875536476
79789,32042,10290,440997,0.23781473636716655
39638,37783,13048,193349,36.43788788536253
25852,17992,34,94082,16.654417453195105
84635,81427,16054,37063,53.502628936019384
25882,14282,9159,117158,19.112510625144886
106005,102650,56054,493252,46.30347625112023
98611,59255,37625,117867,39.33044994980277
48051,32462,25448,71811,47.49047886620466
146234,51559,25998,40818,23.344639413542676
106458,19767,13868,567402,0.0
19037,12123,5328,40264,32.46047171297999
48408,27263,17348,224405,19.315918856387377
147472,94874,10625,607264,14.459558424650101
138449,54542,31593,337565,16.634247990234673
77873,61329,30106,291182,36.14577581446714
36958,32499,5010,69594,39.97456572325342
143007,59346,3687,421311,7.050179361849423
141516,11742,40771,143986,10.585446168631107
42267,15858,20043,142688,20.84794283956751
121027,9155,24299,614875,0.0
95539,42845,27641,123746,27.51923298338898
148422,77893,48583,54460,37.498955680424736
50216,37349,24936,40207,53.04793292974352
114765,38804,58151,243044,26.58493443122903
31326,26050,11413,150433,32.14119261954925
101048,27977,53534,184154,25.922729791782125
18987,16277,4148,105105,26.602148838679092
42849,17153,16196,197050,12.141240168965439
32385,23796,14096,139454,32.61911378724719
78212,28197,19394,251372,11.874776249168924
71181,19467,594,390417,0.0
40288,5169,17912,71850,15.281969817315332
133802,49010,29560,218162,18.998893887983737
30134,29184,14095,171735,42.1334704984403
102584,85770,20620,242462,38.02727520860954
131506,73438,19313,56709,31.640191322068958
60483,28381,34880,160750,33.240745333399474
41307,15363,8729,207671,2.048926332098681
50149,9653,19640,256933,0.2896368820913686
112839,6760,39653,647922,0.0
79088,65100,24456,134442,45.02617337649201
119905,67101,68145,251923,40.20879029231475
33125,16452,9797,109745,20.0982641509434
70685,44768,24285,186867,32.19162481431704
47131,25211,5980,229888,7.432687615369925
61321,33285,5475,92242,23.190098008838735
121094,40425,68481,216504,30.37285084314665
36136,30743,3818,30171,42.58952291343812
16971,13734,9959,20682,57.842790642861345
40316,6992,7762,75203,7.045961900982238
112977,23941,40578,307473,11.354567743877071
79044,65646,30703,263295,40.407178280451404
55153,35765,28572,85095,45.43098290210868
110141,37319,60299,193929,30.036634858953523
45813,29467,1297,155240,16.349726060288564
138438,33605,876,675104,0.0
140971,27224,69428,388808,15.565470912457172
104513,21593,3433,524519,0.0
76049,55188,41052,124702,49.678102276164054
124540,74627,41678,546877,21.39140035330015
95050,40726,12713,363547,7.649500263019469
22545,13614,13007,78649,35.82767797737857
84276,16835,32063,157543,15.859260050310883
148057,106716,47536,84890,46.01464300911135
134871,11286,20353,738363,0.0
111247,7018,1304,34491,2.072909831276349
23321,18119,5915,59591,36.216071352000334
70127,42337,11779,154930,25.858228642320363
83278,49056,21799,90983,34.461022118686806
73190,15579,30225,431369,2.161497472332286
112370,7232,14802,416863,0.0
141111,9977,73622,45078,22.807151816654972
119315,51694,46089,618090,12.114025897833464
76684,39350,194,55314,22.151817849877418
28390,8761,16274,10164,36.568862275449106
127824,80498,26020,344834,26.141647890849917
48676,33087,13968,252771,20.465321719122365
94867,36371,34152,124784,26.99263178976883
100539,70307,60181,581462,33.90838381125732
74827,12275,37652,278772,9.701979232095361
85641,35891,31778,209800,23.547950164056935
97289,85562,11086,577349,23.53107751133222
72056,6423,32858,31276,20.526951260131014
46710,10451,11373,134410,6.538642688931706
50258,28882,24110,72249,40.73490787536312
21896,13289,11865,78082,34.190719766167334
56934,10874,34033,61880,28.025784241402327
66018,17652,20512,276270,4.873367869368959
115748,54181,29730,175359,26.103733973805166
96167,12120,26122,506810,0.0
143357,22118,77957,274252,19.90080707604093
114740,74763,55069,490145,30.418206379640928
144299,17109,33842,479531,0.0
104995,55040,19677,159746,26.09981427687033
92033,7608,22441,125060,7.092455966881444
77052,61470,37296,395014,34.2501168042361
140082,101082,37261,147812,41.44344027069859
24688,21471,9781,108562,37.345268956578096
27144,26721,3994,26911,50.14938844680224
110106,13689,12077,474698,0.0
111087,37877,56022,298375,23.79085761610269
124497,98979,534,293368,28.1409993815112
98776,75914,58575,444915,39.626275613509364
64067,13302,3732,234636,0.0
116513,30970,49078,579284,5.2800974998497985
91998,5262,20249,148056,3.6172525489684553
44927,32042,14004,132784,33.35054644200592
40609,26092,20696,218653,27.511512226353766
130293,50432,72295,150867,35.758367679000415
74466,39169,20208,359140,13.040447989686566
23724,22555,1030,21415,44.75952621817569
70953,37109,16256,152144,24.593322340140652
49524,40186,21961,70234,51.21900492690413
45437,40449,19956,90880,52.078482294165546
149829,41055,53413,211171,20.91327446622483
134447,29014,45290,187,24.25762568149531
20366,5762,7535,110114,3.945300991849159
141805,32639,7459,333615,1.8492648355135586
54016,37166,27212,284639,29.553835900473942
96071,52622,13763,57234,30.138647458650375
44000,8343,16439,163837,5.807386363636365
147755,128530,66063,108772,57.6979459239958
57137,10048,20024,138530,10.688520573358769
72371,63236,17434,191668,40.08262978264774
139544,81975,9696,97431,28.660744997993465
49032,46261,15687,197768,39.80441344428129
120239,6595,11341,304398,0.0
138929,19629,71108,459208,11.01087605899416
116934,111765,57368,653660,42.41384028597329
33281,17956,3213,41564,24.59361197079415
95709,71355,1396,487242,12.860493788462946
100726,45058,28027,318367,17.692998828505047
37498,20630,9123,61513,29.037682009707186
141009,31767,10652,402763,0.00436142373891002
56014,54828,15332,171183,44.60965115863892
120475,36440,42707,340908,15.154513384519607
101949,7210,56297,204004,15.61918214008965
116854,44519,6149,693890,0.0
39892,10783,21482,200643,10.055399578862932
88319,49681,28721,511963,16.133731133731132
78380,29800,16899,163158,17.22595049757591
89835,15142,48191,405239,7.330606111203874
48459,32044,14265,218436,22.299676014775383
35720,28788,11492,105017,38.465705487122065
115174,87177,10647,678120,16.543490718391304
21923,13899,5340,100408,18.542626465356012
91595,91083,36421,174825,56.082373492002844
66448,57321,30697,43561,58.33320792198411
55989,24776,23068,284792,13.606154780403287
53952,33741,3519,162494,18.81932087781732
108241,8405,1780,232811,0.0
60702,60384,18487,198673,45.55558301209185
31488,10003,6113,95875,8.425273119918698
35367,28291,19189,147336,40.869454576299944
70791,40783,27535,144143,34.18280572389146
17052,9883,3386,93523,11.92176870748299
55789,45574,23480,259362,34.43492444747173
138747,91134,29875,277499,31.4544098250773
27189,8142,13598,152412,9.978116149913568
114883,94324,66141,485887,42.934159100998414
108299,17675,46952,535573,0.7753072512211538
42701,15679,17163,157893,15.948221353129899
68151,25628,25885,42417,30.88311250018342
127362,13091,6957,557557,0.0
60185,47488,11026,198408,30.296585527955468
127666,102077,18709,445722,28.383438033618976
93383,47232,54148,170483,39.35518242078322
48672,20964,15033,259903,8.8905325443787
62140,36216,18341,369130,15.946894110074027
44878,42646,12133,23837,55.67170996924997
46649,39182,14767,209831,32.16842804776094
56141,13178,1526,184730,0.0
112223,25772,5029,156632,6.296392005203924
30632,9908,5611,102308,6.800078349438497
97766,57257,29939,574361,16.531923163471966
129723,24799,21090,659828,0.0
140058,13284,42520,771952,0.0
98780,43292,48067,531285,16.377606802996553
108354,35163,61710,283666,25.917086586558874
117655,29444,43315,367878,11.605201648888698
146648,26911,73893,747243,4.330573891222521
96146,64828,38392,392232,29.28795789736442
91983,30131,1642,211993,5.569126903884412
128602,23716,21127,411184,0.0
68677,65002,13115,297763,33.284578534298234
62056,16607,12690,245462,1.7829057625370623
133667,109136,1694,429317,25.2715703950863
33629,5529,2075,174388,0.0
111040,30233,5955,34488,14.205781700288185
79436,64321,39838,279818,42.93368246135253
40962,9103,7322,33193,14.209877447390266
65089,25863,23108,319035,9.560678455653033
74102,51958,13989,131443,33.74058729858843
147369,136445,7033,515165,30.723863227680177
38788,35618,4499,28656,46.85933793956894
35699,13347,9909,91230,17.018964116641925
86897,16818,20218,439605,0.0
120671,112141,51590,399438,47.01593589180499
115066,110906,28802,258818,46.95818052248275
32662,32095,7385,144479,36.058875757761314
82992,62659,5204,49742,37.26142278773858
48918,31488,17510,53708,41.01271515597531
55597,23483,9312,233548,6.814936057700958
81384,6890,25150,356055,0.0
79944,7943,39566,193541,12.659924447112981
134733,120444,3327,301553,34.49425901597975
15699,13247,4631,56951,35.85164660169438
87440,19918,36465,248700,13.849496797804207
57637,42072,7428,188767,25.276905460034357
86409,74814,50742,215829,54.291046071589754
136432,75880,78488,556104,30.440072710214604
77723,8476,34141,202623,9.988356085071342
87888,80057,43649,356643,45.12100628072092
37950,13059,7175,161952,3.430566534914359
143709,60442,52555,131694,31.075506753230485
125876,112495,32139,662820,29.897756522291786
134082,60525,20238,450813,11.796549872466102
82416,55026,217,25929,31.9153441079402
133476,84341,78222,571299,33.634773292576945
60420,5666,128,211636,0.0
38603,25112,20991,230626,29.276610626117133
23332,14841,2880,1523,36.415009429110235
59494,32177,3451,251621,8.215702423773827
48235,38215,7678,100176,35.5963511972634
89557,41131,42560,342372,22.857956385318847
33013,26591,6729,92105,34.47687274709963
124089,100502,67665,162933,55.74253157008276
128936,80673,617,342150,18.207327666439163
71846,8360,16913,55669,11.360061798847536
120279,6437,17704,667912,0.0
107800,90059,43290,435727,37.624443413729125
130729,91563,19473,229215,32.211636285751446
32004,5220,14345,3725,25.502280964879393
140577,73803,78670,182223,42.15365956024101
128739,25150,38602,503762,2.1964595033362038
55973,27966,7442,324976,5.299966055062264
30502,14661,13817,7077,40.992230017703754
98354,35867,9480,565470,0.0
140422,110564,46871,800372,27.71994416829272
34319,9696,5174,117417,3.050059733675223
91462,74762,46596,385301,40.18537753383919
27418,23870,8544,54063,46.13556787511854
72712,36227,13960,5267,32.22872428209924
86774,55344,50108,222161,42.18677253555212
69830,21124,6049,233280,1.8868681082629237
143533,140997,49647,11937,62.536455031247165
38654,16973,9992,125201,16.099886169607284
116483,87804,19168,555077,20.44534395577037
28686,8997,14021,142945,10.31740221710939
45968,10217,807,65069,4.737752349460496
118462,19855,58816,141749,22.257306140365685
62725,38746,658,119816,21.75432443204464
79769,25292,31677,390544,7.257957351853477
109533,31337,27824,202991,15.199574557439313
72074,42584,9574,127655,25.999458889474706
77609,23132,45109,445191,13.152276153538892
47839,37058,1624,252043,15.089884822007143
33583,24086,7119,173843,19.339695679361583
71305,58220,21399,199900,38.811584040389874
27013,18100,15939,107120,37.276866693814085
51681,20376,29947,103326,32.89506781989513
63943,38741,23573,277938,23.30638224668846
116774,60347,12244,458740,10.391097333310498
59389,44127,33472,315704,34.695061375002105
78260,64136,23942,111194,46.109251213902375
44383,38140,3093,95726,34.97037153865219
55336,6644,8144,191886,0.0
137819,52290,55564,681354,10.378032056537918
55178,51600,30105,214561,49.13905904527167
48181,17461,26563,225677,16.75318071438949
76171,7571,11715,1389,11.030510299195232
19186,17770,2385,100614,26.28218492650891
149187,144519,29198,569696,37.17073203429253
110661,75262,23950,80057,39.04550835434345
73682,17873,28516,184372,15.097717217230805
65960,65064,31516,116989,59.56481200727714
16112,8582,1029,600,29.00074478649454
39388,35957,1129,176964,24.32695237128059
144368,125664,70566,232812,55.01066718386346
64529,60672,24092,43455,58.57839111097336
66628,54902,22422,299660,32.17386083928678
73236,23614,29006,365715,6.99608116226992
109562,74569,35290,649918,21.914532410872383
57225,18001,33597,89002,31.435910878112715
59236,37901,21809,98310,38.420217435343375
146163,123634,34004,46213,50.01809623502528
122730,51396,64818,297629,29.938686547706354
148397,68792,25770,883979,5.124598206163199
136863,68859,19349,380472,16.911436984429685
72443,23082,25495,154213,19.36467291525751
38373,16888,10240,569,32.60508691006697
141051,127578,15473,724161,24.611984317729046
89945,17980,43770,125829,22.465451109011063
34936,17566,14961,143457,21.738464621021294
61955,46952,23652,16114,51.861996610443065
65042,41853,25587,102787,40.007917960702315
59407,26812,34301,11770,44.67133502785867
40237,11375,5504,68780,11.059721152173374
146251,13278,35778,160473,8.838606231752262
66194,38190,18444,144768,29.05731637308518
130697,47078,47825,251291,23.033772772137077
145438,96199,9711,257397,26.893968563924147
122092,60823,35228,109305,31.9737984470727
128198,31739,42473,136975,20.28888906223186
131078,21174,54937,738121,0.0
55263,8272,11827,150529,2.4254021678157187
143891,119082,73195,509201,44.03260106608475
58254,18594,27872,122959,24.54397981254506
17735,8813,6691,4459,38.68029320552579
36953,11273,15933,162693,10.486428706735587
64358,8553,16781,260839,0.0
23058,18300,5696,88349,30.40571602047012
36853,5612,1569,46615,2.992565055762082
28325,23647,1836,159488,19.335039717563994
128138,108106,32249,391234,36.984266962181394
59306,7119,34992,61434,24.42349846558527
22137,20369,5335,6845,54.10060080408366
97805,35381,11924,408648,2.0732068912632293
109530,71316,42152,595341,22.949237651784898
39452,36656,23519,87242,59.24541214640576
133504,90775,8028,607275,13.658729326462126
125934,125021,69027,564674,49.142884368002285
103060,47893,29189,426279,13.883320395885892
50927,7326,25004,146122,12.48551848724645
108544,92030,31005,436082,33.73092939268868
104360,89036,40071,243580,46.34668455346876
79752,34162,42728,259918,26.552688333834894
88672,11154,4132,321407,0.0
115004,24633,29500,267816,9.326371256651942
82844,17991,41466,434524,5.879605040799575
124149,25463,58521,149706,23.080814182957578
55536,35264,32584,59933,49.82164721982138
33447,14257,16885,154307,18.438574461087697
38596,9603,16570,219168,4.613172349466268
36340,27601,21313,29329,57.40024766097963
70107,69391,32173,327253,44.50632604447487
37358,17534,14627,195961,14.128968360190584
76558,62010,31091,136997,47.79585412367094
118115,114600,52040,180358,58.50069847182831
108210,106807,10703,450347,32.49916828389243
136114,18392,74943,582756,7.372790455059725
41788,14570,6424,223031,0.0
60168,58988,17551,153202,47.956222576785
40983,28441,2439,165979,16.82929507356709
103768,16663,36329,26352,20.763144707424253
120810,106067,15315,238081,39.115511960930384
39748,28930,2558,177505,16.63718929254302
145701,142340,44417,773929,36.04062429221487
131937,72302,30413,153990,30.784920075490575
41955,7032,14498,36818,17.815039923727802
26631,25877,4989,83795,40.345274304382116
35836,7906,16421,156078,7.583156602299365
83075,14706,31905,386091,0.9755642491724359
29177,26990,11551,35340,56.03180587449018
62905,44709,24546,150221,39.204912169143945
104221,59501,5442,120875,24.835253931549303
21804,7457,11146,59475,23.909145110988803
117301,59888,54442,557111,20.34530822414131
61899,32196,28969,300303,20.46955524321879
81848,59144,30806,361744,29.08708826116704
117578,66845,69255,92547,48.050783309802846
87232,51830,7252,301326,15.761991012472492
44721,37452,15401,179759,35.55030075356096
53701,38484,19866,215223,30.59021247276587
125493,14332,68142,103093,23.322535918338072
55126,48366,659,167579,29.147135652867977
93731,18460,20190,444073,0.0
30962,10843,10451,138247,8.686615851689165
148803,90217,26840,875610,12.529149277904345
46577,8680,5991,566,14.402172746205208
148065,105950,23988,600356,21.98520919866275
141201,5897,57015,826644,0.0
33444,14644,3434,48754,18.711577562492522
144198,58361,29305,106353,24.677769455887045
96748,12511,160,107295,0.9868421052631593
147772,101746,34641,653969,21.675926427198654
144304,42641,49793,761728,3.5769625235613702
37946,6352,5711,32689,10.082617403678912
95775,18499,40432,353548,8.086557034716783
42074,21042,13044,10927,36.10840424014831
107059,45670,16131,386027,9.327613745691629
54105,12541,9430,198419,0.22465576194436565
81271,72118,23672,436576,31.019736437351575
36476,18547,6374,76405,21.94004276784735
89683,6599,45921,160152,15.23176075733417
142265,5907,81469,692595,0.6406002881945625
24426,22746,11089,16778,61.28592483419306
105976,20050,13964,489279,0.0
145821,17329,3714,448938,0.0
92478,34192,23009,230582,15.971906831895152
143453,14238,31038,738574,0.0
105794,100815,14625,492364,29.90651643760516
94318,72401,24347,409939,26.97507368688904
63663,17054,35788,303854,12.015613464649796
25136,19329,1829,148702,16.359404837683
141893,69461,54935,187333,33.3616527947115
18005,9587,8761,62074,28.848653151902248
28921,25360,8952,97337,39.39680508972719
113127,53258,23588,263194,20.246713870252016
27667,16981,466,128954,8.057252322261178
128920,124789,47084,252172,53.226419484951904
60176,27551,22526,341565,12.865428077638924
25434,10384,1532,6028,21.637964928835416
29535,15060,3625,40830,23.49246656509226
77509,5441,29512,365953,0.0
58165,30450,18887,224548,19.861428694231925
54343,36304,3099,243868,13.24586423274387
63010,16140,37052,307854,11.899857165529276
65548,44051,14830,214125,26.31849942027217
107527,105748,36285,246346,51.21569466273587
82116,52539,46207,210387,41.68852598762726
27716,21283,6258,82067,32.62141001587531
149831,56814,11396,612810,1.551681561225653
52338,44388,15264,118355,42.7640528870037
107851,17113,40430,517474,0.0
147946,5593,41620,390530,0.0
21181,9199,7880,49086,25.009206364194323
115017,102644,9816,512104,25.772885747324306
131720,85741,43772,116565,41.41440176131187
94338,76733,13403,208207,35.31699845237338
101171,82424,53402,106124,56.60376985499798
105215,98439,20479,554287,29.565508720239514
76365,72645,26095,329043,39.68879722385909
146624,102704,85068,474931,42.034489578786555
16724,12125,8609,76645,33.92639320736666
54824,22384,22938,39369,33.55966365095578
31942,5818,8995,67658,9.780539728257462
40484,24321,21548,48337,45.3582896946942
115378,71753,32718,574820,17.527344901107664
20251,6981,5277,70257,10.312824058071207
111140,67209,41955,23547,44.27672305200648
44220,43902,10351,130668,44.22885572139304
138434,12329,36793,75729,12.34902552841065
34677,32668,3791,111943,35.33538079995385
136366,79177,60243,206476,39.1313817227168
99763,36372,30956,453839,7.895161532832812
145081,102590,30857,588371,23.58630695956052
104531,83262,90,30688,38.39301259913327
44358,20862,16937,34126,34.94183687271743
55213,12414,14639,42423,18.005632731421947
20346,18081,2581,63370,33.93492578393787
124977,25739,67196,157049,25.52105587428087
115489,18595,5956,220986,0.5460260284529284
67561,60841,6761,108596,40.99273249359838
68685,30522,16036,62000,27.044332823760648
118662,95193,52328,241441,47.5768569550488
31567,24525,6200,115165,28.4608927044065
46814,23098,2994,47878,22.114538385952923
92193,5517,51633,118259,18.98056251559229
135399,114855,76523,511066,46.14760818026721
132823,32528,22974,455889,2.0020252516506964
86236,64441,45419,463192,33.43046987337075
69488,22716,11874,220961,7.281185240617084
44923,31311,5031,174333,19.925761859181264
34366,20698,14429,191238,21.908572426235224
133978,97604,10255,645082,15.412903611040615
120347,44872,20622,414701,8.26755133073529
119578,53625,59483,667441,17.320242854036692
97379,62855,33437,524405,21.008174247014246
123259,79899,50245,594650,24.594552933254366
64022,33571,6431,320551,5.236325013276687
84519,41278,31945,182089,28.765780475396067
132198,124482,38376,666211,33.69332365088731
39647,35008,3138,211012,22.315559815370648
20736,5758,1535,54021,3.8192033179012324
32721,7568,181,188506,0.0
106354,93681,21016,284495,38.57132782970082
86381,79233,28613,112664,52.59084752433985
38762,9641,10384,207232,0.0
48986,42375,7959,270593,24.751153390764713
130106,98325,18568,456536,25.950302061396094
62756,37503,2388,274834,9.505067244566256
132126,65446,49101,250570,30.149175786749012
72099,45804,32546,355595,25.160751189336878
47592,29197,20264,161111,30.779437720625314
65627,34996,14650,285766,13.82007405488595
136122,45196,75781,394349,24.384706366347835
149091,23818,76195,372117,15.950761615389258
114287,32045,64855,11719,36.20582393448074
29958,9414,11791,64732,20.6515788770946
74778,13856,32138,34512,24.14827890556046
42821,40373,22677,69477,60.212162256836606
29217,27295,11547,67765,50.922579320258755
82116,75194,3939,55426,44.32911978177212
21671,8926,4598,97644,6.552535646716809
55494,52608,30387,37866,65.89090712509461
55916,37363,9735,2047,40.190911367050575
116423,18330,68302,572428,6.755022632984893
29663,18024,790,91868,15.961298587465864
91185,58032,54157,220413,43.49196688051762
25439,16295,3911,118473,14.891505169228353
103159,40877,52719,368189,22.408757355150783
88801,36930,24522,93063,26.599531536807017
27617,13589,253,83796,9.79795053771228
53092,11983,16823,16962,22.36231447299028
51519,47876,6495,165061,35.48778120693336
42675,20511,23953,193900,23.76496777973052
80818,34162,34814,365983,15.723539310549633
71903,62741,23707,421368,31.817239892633133
131654,26768,64317,612885,6.43090980904492
144850,123983,33945,460162,36.28677942699344
61289,18003,19022,125448,16.86746398211751
95537,70557,29610,316904,32.73841548300659
124021,79308,41805,223008,36.46608235702019
57979,20551,7723,123319,12.416133427620345
132744,75605,4132,729481,4.722849996986678
41405,5635,12224,191642,0.0
40805,29516,10161,158936,26.652616100968018
19244,15226,1555,24577,36.40693203076284
42997,24216,5066,251722,7.872991138916667
129679,77652,67580,215891,42.461346864180015
121001,77468,5997,525316,12.286675316732921
37769,19566,7459,137271,15.629352114167705
130095,91318,74117,45603,56.132556977593296
28610,27815,15068,105743,51.19730863334499
72667,71549,18629,123695,50.974101036233776
132016,43438,2868,87365,14.011900072718458
127752,61978,68104,510680,25.59380675057925
29226,18279,6418,84279,25.63727502908369
132265,78091,639,661606,4.713907685328696
53845,17617,7326,4635,21.370879375986632
133127,8826,13332,709157,0.0
72809,57488,37922,38242,57.68613770275653
42512,39737,16783,139835,46.08098889725254
99537,44435,43528,14765,39.071350352130366
146937,56874,1612,280752,10.23853760455161
46986,13480,11909,210282,2.105946452134681
35125,21499,12997,190399,20.4044128113879
107607,95480,38333,264802,46.31027721244901
102492,45409,28504,337426,16.815751473285722
134400,83989,44137,752640,19.38191964285714
34020,25254,9728,153930,25.930922986478542
92190,25236,53269,308826,20.05022236685107
72709,10782,16705,88273,10.53425298106149
139729,103427,37063,339400,35.47488352453678
63993,20473,32200,216189,19.23186911068398
57404,51134,5061,152743,34.76107936729147
51585,22472,29724,273851,19.830086265387223
117971,61607,27460,459197,15.959557857439542
98716,25674,17885,546552,0.0
42668,37324,23362,184949,43.96585262960532
20108,6604,4686,109331,0.7429878655261604
65875,54170,8409,322776,21.72265654648956
120068,85351,29044,550450,22.296198820668295
136599,71010,12234,393981,15.15351503305295
83027,68005,45398,345568,42.01440495260578
121484,112001,15200,425061,33.607265154259
33052,11512,19027,120665,22.187916011133968
63736,56553,9228,289417,27.452067905108578
125017,48792,15370,51248,22.38223601590184
109214,99799,15956,50155,49.23741461717362
42813,6876,17671,230520,0.0
52550,26249,25290,235804,21.78934348239772
93046,50704,28609,205304,28.513208520516734
139997,48525,31030,748522,1.1966327849882497
47472,16239,27668,90040,30.93339231547018
108500,38623,27240,343447,12.01396313364055
62411,36594,4772,147318,20.57313614587172
97375,32929,16858,282920,9.305982028241335
17733,12368,790,22404,30.337788304291436
55046,44339,25385,272773,33.94406496384841
17881,14497,7217,28255,48.781108439125326
40113,20741,23368,22017,46.4110138857727
43952,24311,6525,218021,8.792432653804152
37946,35425,22634,55213,63.26213566647341
128976,21684,57731,215334,17.962799280486294
126543,81370,3700,206364,25.16678125222256
123670,54440,58890,679076,16.05765343252203
26828,7522,13089,66121,21.21123453108693
65352,53705,15653,330326,25.66975762027176
93213,37349,14235,111887,20.14112838338
38053,23972,5210,29297,33.125246366909316
53539,12792,15719,183948,6.51151497039541
93948,84205,46636,500699,39.670775322518836
58900,43959,33980,222644,41.49286926994907
89478,75742,32108,530053,31.67784259818056
64569,18681,21051,287392,5.252210813238555
144891,54326,45668,437073,16.271921651448334
104054,36061,58839,621705,14.946662309954448
94531,38247,20562,434833,5.931017338227672
31109,16487,16446,48883,39.788324922048275
30810,8114,6719,81299,8.697338526452448
129812,67149,52658,72513,39.29686777801744
94342,62549,14112,520792,14.133471836509727
72735,67574,38040,205543,53.2423867464082
144829,103558,30233,41855,42.656822873871945
48134,47681,20528,200788,45.731291810362734
103085,55268,40981,433254,21.69442692923316
88694,78261,26369,168356,46.51983223216904
37896,8359,14469,114652,11.17400253324889
127640,54385,65413,623255,17.38871043560013
123978,110436,61023,39424,62.63691945345142
56118,36866,6911,272586,13.486047257564422
87720,87286,9616,169604,44.47013223894209
68243,60171,18904,99320,47.88930732822414
106712,17415,27380,415677,0.0
21288,7574,11669,36713,31.092399473882
89433,87868,50656,381709,50.44105643330762
132060,112073,10647,412987,30.02116462214145
18721,17943,2244,18350,47.81582180439079
115248,13870,65088,316232,14.888414549493268
128757,27400,70381,708653,7.504951187119929
118642,102978,47637,495,59.43852092850761
32623,11437,596,79481,6.078073751647608
142109,33409,66226,110460,26.50915846287005
97067,16041,29033,332141,3.1181039900275067
120613,116423,66034,107783,65.69436959531726
147061,6674,82742,171781,18.934149774583336
49270,38622,2831,181330,23.090927542114876
51427,13133,9382,280018,0.0
80548,52698,6023,94458,29.839722898147684
40385,37465,4217,95121,38.78482109694194
54953,8615,12367,182454,0.23947737157207172
70289,12200,16587,268734,0.0
98561,83236,38026,423720,36.16278243930155
66755,29001,21486,140446,24.076997977679575
121823,96841,56279,189152,50.46214590019947
104828,40254,31427,65110,28.08629373831419
72506,9164,17447,177379,3.712589302954237
90361,10542,15911,30740,11.175617799714479
97893,50596,20913,266094,20.796686177765515
55101,10916,8530,73167,9.458358287508393
138500,32620,35082,668452,0.0
32008,19520,4247,97525,20.565327418145465
102663,58026,34149,355818,24.23628765962421
68249,29045,22368,277757,14.039546366979735
51453,47011,959,254180,21.728762171301963
99114,79172,53879,189056,52.14682083257663
107494,91794,11272,514208,22.97374737194634
65630,8118,9466,165031,0.0
132649,44623,68826,186757,30.53475714102632
26724,21218,14719,3218,61.12745098039216
28257,27386,8007,88921,44.05899423151784
121521,109962,2198,475562,26.40045753408876
54725,42707,13164,195274,30.800182731841023
127623,100218,66184,739140,35.00689530883932
134503,110698,41932,502907,34.925949607071956
104004,101087,7067,295554,37.10684204453675
66450,26304,11336,94586,19.49902182091798
60272,43550,33323,291753,34.03993562516592
71070,40382,12025,200207,21.092795835092165
125352,30055,5436,415393,0.0
19966,7293,7846,6035,32.47095061604728
112126,85548,57726,630914,33.74141590710451
46239,5741,22703,70789,18.192975626635523
73791,59610,22188,302055,31.951660771638814
87356,51357,31992,374952,22.583108200924947
132142,14007,18899,236304,2.0795053805754424
58117,52924,7759,13556,49.70628215496326
117462,19505,1793,202819,0.27987774769712637
138872,28294,48819,266549,14.65172965032548
84131,28253,21207,169749,16.78554872757961
111671,102468,52514,310162,50.802356923462675
78853,77461,20223,439869,34.37592735850253
143892,32406,30974,828676,0.0
63806,52165,7355,8999,44.78348431182021
123036,78203,18437,464815,18.885163691927563
104748,33579,22495,55276,21.980085538626035
78626,71440,12346,343086,29.893546663953398
40101,37917,12765,102802,47.19184060247874
137627,20314,72424,210628,20.777318404092224
101101,93414,4428,82739,43.85836935341886
38545,36182,8354,61587,47.61512517836296
81080,78618,12331,390952,30.456092747903305
126421,61299,36647,593800,12.35419748301311
33175,32496,9640,62758,51.14122079879428
79335,17015,5601,401807,0.0
56879,41660,30395,64902,52.29153114506232
74815,49118,29618,144119,39.02994051994921
123241,7991,16553,347542,0.0
72983,68641,4549,315138,27.928695723661672
60409,24125,464,301520,0.0
94378,91830,15261,364674,35.79827925999703
143390,117991,85035,849188,39.86470465164935
111548,36201,56504,119051,31.152104923441023
34913,22431,2728,136942,15.637728066909169
62343,50522,36311,29585,61.44418779975298
42688,39915,1668,216107,23.314983133433287
53734,25478,6611,8343,27.85247701641419
115551,39708,21104,62080,21.80128255056209
83862,52899,48680,214050,41.996374997018904
141642,96011,19247,89262,36.176557800652354
26435,8818,10231,118641,9.719500662001135
30803,28992,17303,81816,56.24906664935234
105536,72643,60094,283170,43.77709975742875
145454,119168,42580,236505,44.543807664278745
86087,23794,42457,114444,26.900228838268262
21677,14156,9433,95655,27.994879365225806
96661,34235,41854,179195,25.759458313073523
50776,36785,3377,292237,13.883133763982983
73001,65930,26624,55521,55.94245284311174
44278,16259,3613,222217,0.0
52665,5767,3917,78805,0.9684800151903543
73108,48196,17775,367762,17.68753077638562
133239,74639,41132,145851,34.88449327899489
128429,103775,16833,496087,26.330774202088307
33883,5051,20109,171966,6.192928607266179
87032,45488,5413,503766,3.6207372001103018
17607,5286,1004,34594,7.468052479127621
58870,24411,24177,195026,20.59622897910651
110308,102234,27374,118265,50.9059633027523
87304,57048,40644,392853,28.794728763859617
21927,14725,13113,77809,39.75578054453413
143783,113103,56643,173693,49.04894876306656
22129,11237,155,131273,0.6699353789145448
68326,37895,143,304752,5.51342095249246
112454,92862,39013,376369,38.431491987835024
15671,11120,8352,89541,31.797906961904154
60226,34163,21433,95880,34.63736592169495
75997,55077,25192,372270,25.00335539560772
140618,32888,5221,553854,0.0
84609,32182,26712,462575,6.646515146142846
103319,67935,31307,329491,29.051529728317156
140730,7281,82598,740541,1.0638811909329888
73307,14131,3739,66134,7.167664752342887
125543,107620,52704,446328,41.87824092143728
142188,21524,83981,376529,17.953659943173825
53625,25776,16769,206393,17.29780885780886
51207,42921,13753,37519,48.98890776651629
94370,31802,21617,412894,4.135954222740278
33745,10252,4355,77303,8.898651652096609
89402,77238,11279,116335,41.73715353124092
54813,53807,26589,129958,56.63109116450478
60437,26859,31532,302413,18.089994539768682
51117,13418,9597,11617,19.4983078036661
117825,74013,29911,116608,36.61404625503925
116425,66596,50906,75974,42.82731372127979
61583,58360,14803,86849,49.946819739213744
75321,47545,11825,72250,33.04523306913079
22075,13081,1090,111162,6.60362400906002
79558,76434,38739,368077,44.381143316825465
108689,64202,28581,21826,39.04912180625455
49096,31192,20540,163153,31.885184129053282
131262,57634,55162,384281,24.12560375432342
57173,13802,21205,115878,16.772077728997953
26113,18586,14891,128824,33.731091793359624
122147,5419,1818,74970,0.0
84266,43443,29302,391061,16.48262644482947
52385,51116,19402,91714,54.849861601603514
122425,65459,27728,666862,10.79391464161732
15095,7926,2071,44150,17.117588605498508
52558,47644,12545,73943,47.83829293352106
116390,30930,50818,167091,23.573889509408026
104191,77281,8631,583982,15.399746619189756
65902,35454,3305,255144,9.547206458074108
148552,84884,21992,404170,20.888510420593462
116203,79514,12365,74665,35.257050162216125
74067,35960,8229,88518,22.743867039302256
125696,11484,54491,577579,0.0
57083,53354,1768,324627,22.9726012998616
106459,87899,38399,614084,30.71074310297861
100098,7067,49532,96135,18.521399028951627
130826,11972,34661,84692,11.936312353813461
69758,12432,40394,380251,7.073167235299181
33062,8145,16258,79835,19.91394954933156
54066,9847,11223,19566,15.600192357488996
101472,80390,47563,98042,53.53013639230526
41196,24338,19458,82493,38.42011360326245
82649,54087,11859,34425,36.37775411680722
147840,76919,85650,736542,24.277867965367967
149460,18679,19961,566905,0.0
34672,17914,6630,64557,24.17267535763728
101452,70938,52187,250700,43.18180026022159
100583,84427,30157,422791,32.94468250101905
103915,89960,36799,272082,44.35885098397729
23379,21556,11454,62650,52.29949955087899
42113,7498,25020,220034,7.666872462185076
34112,27863,4054,162200,21.81959427767355
43164,36911,25085,2195,65.74865628764711
145458,7397,7426,87669,1.571209558772979
147666,37442,83218,737202,10.258353310850154
64470,18835,8382,49510,15.9683573755235
143846,122994,45029,629632,33.3877897195612
138045,84580,29610,37682,37.84990401680612
57005,8221,21329,21051,20.33076045960881
58033,35971,8594,316263,11.915375734495889
91415,19207,49412,19773,31.04485040748236
83702,51173,29662,431678,19.743614250555538
98954,84640,34000,28744,55.0587141500091
90453,65593,35563,523324,26.984677125136812
50021,31729,24796,49896,46.5566462085924
96685,55183,27268,1513,39.74044577752495
25280,6239,13289,101153,13.360166139240508
98836,24700,381,263926,0.0
90055,37028,3731,296620,5.746932430181555
73239,5085,23730,214628,1.7792432993350538
53433,36339,21240,26144,47.458125128665806
74679,39918,35776,300843,25.74652847520722
135130,38712,7467,41979,14.981018278694592
16898,13754,667,56757,25.482009705290572
128600,47402,74144,474998,23.02387247278382
32464,16793,15276,27143,40.505637013307044
107349,47208,11993,19409,25.55286961219946
107187,53643,45715,212604,32.16556112215102
105128,7008,26438,443232,0.0
42585,40557,8978,107448,43.43618645062815
140393,99359,65015,279098,43.96985604695391
33959,20751,6552,123426,20.097764951853705
35820,29337,9038,64371,42.05792853154662
118340,84511,50235,484609,32.211466959607904
100605,53011,27117,452462,14.640624223448139
82286,64208,2556,166713,30.127542959920284
37926,27521,13903,83269,39.96796392975795
19352,15678,9999,65083,44.35949772633319
106443,11215,5694,297286,0.0
85780,42600,5647,391379,4.651259034740029
102835,72523,19708,419638,22.524237856760834
137216,135491,63944,113058,63.89211170708955
120711,47546,38636,264094,21.557853053988453
132784,42303,73191,127648,33.170788649234844
144652,74789,36115,585142,15.612227967812409
149821,100427,52839,476269,31.7282957662811
71757,38243,19473,314983,15.554649720584756
15148,12703,2725,39366,36.13150250858199
73814,35896,29459,231913,24.56979705746877
113182,70973,41828,120979,40.79160113799014
86028,46656,32312,396013,19.124180499372297
129470,84998,34144,311565,31.341893875028962
93946,58984,24946,446894,18.229301939411997
69374,48324,40939,238991,41.20859399775132
44229,16960,5325,244285,0.0
45964,7593,13620,27185,17.155273692454966
118385,10160,52673,337727,7.824344300375895
51240,26610,26418,161151,30.863875878220142
93124,5020,9353,204635,0.0
142342,118792,80904,738184,39.4627727585674
75939,55877,7563,98999,34.25611345948722
126218,83787,13696,91802,33.8951655072969
67457,29417,7324,183763,12.526424240627358
46277,41750,6347,72831,42.725868141841524
99967,11166,52689,334824,9.92067382236138
20537,17427,4485,80766,31.500219116716174
93939,6538,16061,488857,0.0
16635,11999,154,29492,27.571385632702132
140685,28163,9339,688865,0.0
51172,47482,18044,241851,36.86791604783866
47844,12487,13074,86580,14.932070897082184
61094,53416,9172,120919,39.825269257210195
145002,30126,67617,544997,10.248100026206536
93235,61696,695,480283,8.38445862605245
93364,29661,26806,124295,20.712640846578985
48965,15831,7496,33674,18.8506075768406
62986,9013,10722,130833,3.5780173371860418
40291,12981,11622,175516,5.866074309399124
53327,45933,11825,78192,44.60573443096368
55677,6225,12741,197946,0.0
99962,11877,33183,470031,0.0
73658,20049,23119,172272,14.470254419071924
122009,58309,2698,118057,19.94184855215599
114508,95954,48642,300141,45.784355678205884
80760,27276,18930,446951,1.2630014858841037
101049,40246,589,90803,15.654237053310773
53907,20744,20817,145471,21.194371788450482
143453,89633,41299,43906,41.226603835402535
33052,6015,8777,113971,2.480182742345395
48888,35653,18229,56727,45.57713549337261
127723,118446,6477,588281,25.36720089568833
92096,23499,15771,48097,16.996449357192493
91477,11772,36021,274041,7.206565584791807
68775,35329,15080,248080,16.419483824063978
33660,18454,17923,49396,41.37373737373737
100818,99304,3727,574191,25.727846217937277
123544,27589,29250,623524,0.0
143473,119537,77274,762645,38.20220529298195
81655,71721,5866,231106,32.639274998469176
41242,25060,2002,196389,8.514014839241547
68628,50686,23438,92684,43.83633502360553
141847,87902,50844,119764,41.100904495689015
92439,27141,54968,515627,13.46612360583736
50564,8012,12224,254632,0.0
119931,115168,28844,251199,47.16182638350385
57053,38656,27985,42534,49.77003838536099
55700,15290,14516,37349,20.797037701974865
88490,37910,11070,109996,20.209289185218665
22998,14551,13637,85460,36.77406731020088
124196,113980,67380,503027,47.33699152951785
15305,8775,2795,20798,29.177393008820644
95487,63423,44007,323050,34.729125430686906
80129,52807,35951,413149,25.89780229380124
128967,60156,36501,80648,31.516589515147288
77634,74417,43418,156783,60.2011361001623
27612,19793,389,165514,11.404823989569756
144399,32742,60413,10193,27.71940941419262
136507,132542,39106,696592,35.00673958112038
148930,57540,57789,675219,12.169912039213052
98629,67571,21992,160158,35.05500410629733
47485,47434,3343,57497,46.70811835316416
122618,94772,12632,161925,36.16316527752859
57465,20904,2138,282602,0.0
77079,15990,21463,127207,13.25892915061171
114204,103443,49162,90076,58.56406080347448
78624,60730,37073,101584,51.02131664631665
149346,140723,3085,880319,22.939348894513408
148474,27365,12382,390897,0.0
26496,15995,8059,27550,37.15126811594203
108820,24175,17201,324437,2.523479139863996
51334,18874,21188,150895,20.19606888222231
97476,15001,42929,404398,4.567483277935082
101799,27969,50183,57840,30.614937278362262
132050,125584,72416,695262,44.48761832639151
26023,15548,4693,150030,12.087192099296772
25784,19852,9501,82164,37.3029785913745
134134,12523,5445,273492,0.0
51658,20045,8961,254532,1.7040922993534373
125114,63256,46846,733210,15.25640615758428
127871,33096,40426,646197,0.5870369356617218
23394,20285,8133,30156,50.816021202017616
148041,46248,2716,666890,0.0
87493,28351,35775,279681,16.57441166721909
133653,75480,40046,326316,28.014784554031706
85136,8746,15981,497040,0.0
54003,7337,31926,75956,23.408143992000443
20861,13681,11217,51159,42.03705479123723
93382,29586,7420,490671,0.0
21880,16126,5262,33642,38.782906764168196
16980,5108,2639,6609,19.31183745583039
35964,11858,15062,29527,29.133160938716493
72454,7971,39552,162243,16.140102685842052
